name,supplier
SZECHUAN PEPPER 200G,ALBION FINE FOODS
LIGHT BROWN SUGAR 1KG,ALBION FINE FOODS
PEPPERS CHARGRILLED 1KG,ALBION FINE FOODS
NOCELLARA PITTED OLIVE 1KG,ALBION FINE FOODS
BULK 25 POTATO STARCH P/KG,ALBION FINE FOODS
PONTHIER FROZEN PUREE - VIOLET FIG FRANCE PROVENCE 10% SUGAR,CLASSIC FINE FOODS
VINEGAR SHERRY VILUX 750ML,ALBION FINE FOODS
BUCATINI DECECCO 500G,ALBION FINE FOODS
TABASCO SAUCE 60ML SMALL,ALBION FINE FOODS
MUSHROOMS FRESH OYSTER GREY,ALBION FINE FOODS
WHOLE MULLET RED - KG GUTTED,BETHNAL GREEN FISH SUPPLIES
MALTO DEXTRIN TAPIOCA 1KG,ALBION FINE FOODS
WHOLE HALIBUT WILD - FILLETED KG,BETHNAL GREEN FISH SUPPLIES
"MISCELLANEOUS WHOLE COLEY, FLT + WASTE",BETHNAL GREEN FISH SUPPLIES
WHOLE MONKFISH - FILLETED & DOUBLE SKINNED KG,BETHNAL GREEN FISH SUPPLIES
STAB 2000 1KG,CLASSIC FINE FOODS
Thyme Bunch FRESH,ALBION FINE FOODS
MISCELLANEOUS TUNA TRIMMINGS,BETHNAL GREEN FISH SUPPLIES
SHALLOTS (BANANA) 1KG ,ALBION FINE FOODS
MINT SAUCE COLMANS 2.25LTR,ALBION FINE FOODS
CLOTTED CREAM 454G,ALBION FINE FOODS
ALMONDS - GROUND 1KG,ALBION FINE FOODS
SOY SAUCE KIKKOMAN 1LTR,ALBION FINE FOODS
TEALIGHT CANDLES 8 HOUR X50,ALBION FINE FOODS
TOOTHPICKS IND. WRAPPED X1000,ALBION FINE FOODS
LONDON TEA - EARL GREY X20,ALBION FINE FOODS
WHOLE - FISH BONES,BETHNAL GREEN FISH SUPPLIES
RASPBERRIES 125G PUNNET FRESH,ALBION FINE FOODS
POMEGRANATE MOLASSES 300ML,ALBION FINE FOODS
PECTIN 325NH95 1KG,CLASSIC FINE FOODS
SMOKED WOOD CHIPS CHERRY 1 PINT,ALBION FINE FOODS
TAPIOCA FLOUR 400G ROSE,ALBION FINE FOODS
1L JUICE APPLE (SQUISH),CLASSIC FINE FOODS
WALNUT PIECES,ALBION FINE FOODS
PISTACHIOS - NIBBED 1KG,ALBION FINE FOODS
CHICKPEAS TINNED A10,ALBION FINE FOODS
KIDNEY BEANS RED TIN A10,ALBION FINE FOODS
GRATED CHEESE MONTEREY JACK 2KG,ALBION FINE FOODS
GINGER - CRYSTALISED 8-16MM 1KG,ALBION FINE FOODS
WHOLE SEA BREAM (300-400G) - FILLETED SCALED & PINNED + WASTE KG,BETHNAL GREEN FISH SUPPLIES
RICE NOODLES/STICKS 10MM 375G,ALBION FINE FOODS
RED PEPPERS ROASTED TIN 2.5KG,ALBION FINE FOODS
FROZEN 1KG 10% SUGAR GUAVA MADAGASCAR SOUTH AFRICA,CLASSIC FINE FOODS
MIX PITTED OLIVES 3KG TASTE SICILY,ALBION FINE FOODS
BEETROOT JUICE UHT 750ML,ALBION FINE FOODS
MILK FRESH SEMI-SKIMMED 2LTR,ALBION FINE FOODS
CREME FRAICHE 2KG,ALBION FINE FOODS
FLOUR MALT NON-DIASTATIC SHIPT.25KG,ALBION FINE FOODS
CHICKEN SALT 225G,ALBION FINE FOODS
YOG COCONUT COLLABORATIVE 1KG,ALBION FINE FOODS
FZ BUTTER AND OAT FLAPJACK TRAYBAKE,ALBION FINE FOODS
CORNFLAKES 500G BAG KELLOGGS,ALBION FINE FOODS
EGGS QUAILS PER DOZ,ALBION FINE FOODS
WALNUT OIL 500ML,ALBION FINE FOODS
RICE KOJI 300G,ALBION FINE FOODS
MONIN SYRUP GRENADINE 70CL,ALBION FINE FOODS
ANCHOVY ORTIZ 450G,ALBION FINE FOODS
SAFFRON 5G THREADS (SPANISH),ALBION FINE FOODS
MUTTI CHOPPED TOMATO 2.5KG,ALBION FINE FOODS
JUICE UHT MANGO 1LTR,ALBION FINE FOODS
WHOLE FRENCH SQUAB PIGEON 6 X 450-500G,CLASSIC FINE FOODS
WHOLE LEMON SOLE - SKINNED & TRIMMED KG,BETHNAL GREEN FISH SUPPLIES
Gellan Gum 400g,ALBION FINE FOODS
CITRIC ACID POWDER 1KG,CLASSIC FINE FOODS
WORCESTER SAUCE LARGE 4LTR,ALBION FINE FOODS
FILLETS SALMON - SCALED AND PINNED - KG,BETHNAL GREEN FISH SUPPLIES
BUTTER NETHEREND UN-SALTED 100 X30G,ALBION FINE FOODS
PAPRIKA SMOKED HOT STANDARD 500G,ALBION FINE FOODS
FROMAGE BLANC/FRAIS 7.8% 1KG,ALBION FINE FOODS
LOVAGE SEEDS 200G,ALBION FINE FOODS
SACK POTATOES MARIS PIPER,ALBION FINE FOODS
TORTILLAS CHIPS 500G,ALBION FINE FOODS
VERJUS 250ML,CLASSIC FINE FOODS
SPLIT PEAS YELLOW 1KG,ALBION FINE FOODS
RICE BASMATI BROWN 5KG,ALBION FINE FOODS
PECTIN - JAUNE 1KG,ALBION FINE FOODS
HAM PLAIN SLICED 500G,ALBION FINE FOODS
TARRAGON 100G FRESH,ALBION FINE FOODS
VERJUICE 75 CL,ALBION FINE FOODS
WHOLE MONKFISH - KG 400-600G SKIN TRIM + WASTE,BETHNAL GREEN FISH SUPPLIES
PENNE RIGATE 500G,ALBION FINE FOODS
FLOUR WHOLEMEAL 1.5KG,ALBION FINE FOODS
MUSHROOMS SHIITAKE 1KG DRIED,ALBION FINE FOODS
WHOLE MONKFISH (500-1KG) - SKINNED & TRIMMED KG,BETHNAL GREEN FISH SUPPLIES
TOILET ROLLS 3PLY X40,ALBION FINE FOODS
KETCHUP HEINZ 4L/ 4.5KG,ALBION FINE FOODS
VANILLA PASTE PLANIFOLIA BOURBON MADAGASCAR 1KG,CLASSIC FINE FOODS
PEPPER BLACK FINE GROUND 500G,ALBION FINE FOODS
MUSTARD DIJON COLMANS 2.25LTR,ALBION FINE FOODS
FZ CHERRIES SOUR 1KG (MORELLO),ALBION FINE FOODS
ALMOND MILK 1LTR (UNSWEET) ALPRO,ALBION FINE FOODS
GORDAL OLIVE PITTED PICANTE 2KG,ALBION FINE FOODS
RICOTTA 250G SMALL,ALBION FINE FOODS
FILLETS COD - SCALED AND PIN BONED KG,BETHNAL GREEN FISH SUPPLIES
SUGAR PALM 454G,ALBION FINE FOODS
KOMBU DASHI POWDER 1KG,ALBION FINE FOODS
OYSTER MEAT,BETHNAL GREEN FISH SUPPLIES
MALDON SEA SALT FLAKES TUB 1.4KG,ALBION FINE FOODS
FROZEN CROISSANT DOUGH SHEET 25 X 500G,CLASSIC FINE FOODS
WHOLE PLAICE - KG,BETHNAL GREEN FISH SUPPLIES
RED WINE VINEGAR LARGE 5LTR,ALBION FINE FOODS
FZ PUREE BOIRON - FIG 1KG,ALBION FINE FOODS
BISTO ORIGINAL GRAVY 1.9KG,ALBION FINE FOODS
MONIN SYRUP ALMOND 70CL,ALBION FINE FOODS
MOZZARELLA DANISH 2.3KG LGE EACH,ALBION FINE FOODS
MUESLI BAR BERRY 18X35G RUDE HEALTH,ALBION FINE FOODS
PANKO BREADCRUMBS GLUTEN FREE,ALBION FINE FOODS
CINNAMON GROUND 400G,ALBION FINE FOODS
BAMBOO SHOOTS SLICED 552G TIN,ALBION FINE FOODS
FZ PUREE BOIRON BLACKCHERRY1KG,ALBION FINE FOODS
RED CURRY PASTE 1KG,ALBION FINE FOODS
CHIP SHOP CURRY SAUCE POWDER 4.5KG,ALBION FINE FOODS
GAS BULBS FOR WHIPPING CREAM X 50,ALBION FINE FOODS
MISCELLANEOUS*TUNA BODY,BETHNAL GREEN FISH SUPPLIES
RHUBARB DUTCH 1KG,CLASSIC FINE FOODS
MORSWEET DEHYDRATED GLUCOSE,CLASSIC FINE FOODS
CLOVES GROUND 500G,ALBION FINE FOODS
SUPREMES HALIBUT (140-170G) - SKIN ON KG,BETHNAL GREEN FISH SUPPLIES
SMOKE FLAVOUR POWDER SOSA 500G,ALBION FINE FOODS
PEPPERCORN GREEN BRINE 850ML TIN,ALBION FINE FOODS
FZ PEAS PETIT POIS 1KG,ALBION FINE FOODS
FLOUR T55 STRONG BREAD 1.5KG MOULBI ,ALBION FINE FOODS
GRATED MILD CHEDDAR 2KG,ALBION FINE FOODS
ROSEMARY 100G FRESH,ALBION FINE FOODS
COCONUT MILK TIN 2.9LTR,ALBION FINE FOODS
WHOLE HALIBUT - KG FILLETED,BETHNAL GREEN FISH SUPPLIES
ALGINAT SOSA 750G,ALBION FINE FOODS
LOBSTERS NATIVE (1KG+),BETHNAL GREEN FISH SUPPLIES
1L JUICE ORANGE (SQUISH),CLASSIC FINE FOODS
FZ LOAF MULTIGRAIN SLICED 400G GF,ALBION FINE FOODS
OYSTERS - CARLINGFORD,BETHNAL GREEN FISH SUPPLIES
CUMIN SEEDS 500G,ALBION FINE FOODS
LIME LEAVES KAFFIR - FREEZE DR 50G,ALBION FINE FOODS
SPONGE FINGERS - BOUDOIRS 400G,ALBION FINE FOODS
FROZEN LENOTRE MINI PAIN AUX RAISINS 230 X 30G,CLASSIC FINE FOODS
BLOOD ORANGES PER KG,ALBION FINE FOODS
WHOLE POLLOCK - FILLETED SCALED & PIN BONED KG,BETHNAL GREEN FISH SUPPLIES
FZ PUREE BOIRON - MANDARIN 1KG,ALBION FINE FOODS
FZ BLACKCURRANTS 1KG,ALBION FINE FOODS
STRACCIATELLA 200G,ALBION FINE FOODS
MACE - WHOLE 300G,ALBION FINE FOODS
DILL 100G,CLASSIC FINE FOODS
WHOLE JOHN DORY - KG,BETHNAL GREEN FISH SUPPLIES
BEANS CARAMELIA 36% 3KG,CLASSIC FINE FOODS
SUPREMES HALIBUT (140-170G) - SKIN OFF KG,BETHNAL GREEN FISH SUPPLIES
GNOCCHI 500G FRESH,ALBION FINE FOODS
WHOLE SEA BASS (1.5KG+) - KG,BETHNAL GREEN FISH SUPPLIES
JERK SEASONING 500G,ALBION FINE FOODS
OYSTERS - MALDON,BETHNAL GREEN FISH SUPPLIES
GOAT MILK WHOLE 1LTR,ALBION FINE FOODS
COURGETTE 1KG FRESH,ALBION FINE FOODS
WHOLE HALIBUT - FILLETED & SKINNED KG,BETHNAL GREEN FISH SUPPLIES
MOZZARELLA FRESH 1KG LARGE,ALBION FINE FOODS
MISCELLANEOUS (LRG) ENGLISH OCTOPUS,BETHNAL GREEN FISH SUPPLIES
PARCHMENT PAPER 45CM X50M,ALBION FINE FOODS
FLOUR PLAIN SMALL 1.5KG,ALBION FINE FOODS
SALT TABLE SALT 6KG,ALBION FINE FOODS
BUTTER NETHEREND SALTED ROLL 250G,ALBION FINE FOODS
RICE BROWN PUFFED 225G,ALBION FINE FOODS
CAVATAPPI 500G DECECCO,ALBION FINE FOODS
TOMATO PASTE / PUREE TIN 800G,ALBION FINE FOODS
PANKO 10KG,ALBION FINE FOODS
1L JUICE PINK GRAPEFRUIT (SQUISH),CLASSIC FINE FOODS
COMTE P/KG,ALBION FINE FOODS
AGAVE SYRUP 620G,ALBION FINE FOODS
BRANFLAKES 6X500G BOX KEL.,ALBION FINE FOODS
APPLE JUICE 1LTR,ALBION FINE FOODS
CRAB SHELLS (EMPTY),BETHNAL GREEN FISH SUPPLIES
RED WINE JUS SIGNATURE EC 1LTR,ALBION FINE FOODS
CORIANDER SEEDS 325G,ALBION FINE FOODS
GELATINE - BRONZE LEAF 1KG,ALBION FINE FOODS
MISCELLANEOUS TOPE SHARK,BETHNAL GREEN FISH SUPPLIES
CHESTNUTS COOKED AND PEELED 400G,ALBION FINE FOODS
COCONUT MILK 400ML 'CHAOKOH',ALBION FINE FOODS
FENUGREEK POWDER 500G,ALBION FINE FOODS
RICE BASMAT BROWN TILDA 5KG(PURPLE),ALBION FINE FOODS
CRABS LIVE - KG,BETHNAL GREEN FISH SUPPLIES
FZ KOFFMAN POMMESFRITES 10MM,ALBION FINE FOODS
JUICE UHT TOMATO 1LTR,ALBION FINE FOODS
CAYENNE PEPPER 500G,ALBION FINE FOODS
MARASCHINO CHERRIES (NO STEM)1.7LTR,ALBION FINE FOODS
COOKING RED WINE MONTEBELLO 3LTR,ALBION FINE FOODS
Monkfish 500/1KG Skinned + Trimmed,BETHNAL GREEN FISH SUPPLIES
MARMITE 600G,ALBION FINE FOODS
MASCARPONE 250G SMALL,ALBION FINE FOODS
COCOA NIBS (GRUE) 1 KG,CLASSIC FINE FOODS
GINGER - STEM IN JAR 1.8KG,ALBION FINE FOODS
LIME JUICE SQUISH 1L,CLASSIC FINE FOODS
J-CLOTH BLUE (FLAT) X50,ALBION FINE FOODS
GF WHITE CIABATTA ROLL X4,ALBION FINE FOODS
BUTTER FRENCH SALTED 250G PACKET,ALBION FINE FOODS
OATS GLUTEN FREE 1KG,ALBION FINE FOODS
LEMON JUICE UHT 500ML,ALBION FINE FOODS
ONION SPANISH - LARGE,ALBION FINE FOODS
FZ STEALTH CHIPS 9X9 10KG SKINON,ALBION FINE FOODS
COCOA POWDER,CLASSIC FINE FOODS
SKEWERS - GUN SHAPED 120MM X 250,ALBION FINE FOODS
BUTTER ROL FRENCH DEMI-SEL 20X250G,ALBION FINE FOODS
FZ CHERRIES SWEET 1KG,ALBION FINE FOODS
GUM ARABIC POWDER 1 KG,ALBION FINE FOODS
COCO WHITE BEAN DRY 1KG,ALBION FINE FOODS
VIN SHERRY VALDESPINO 750ML,ALBION FINE FOODS
CHEESE BURRATA 125G,CLASSIC FINE FOODS
CURRY POWDER - MEDIUM MADRAS 500G,ALBION FINE FOODS
BREAKFAST RADISH,ALBION FINE FOODS
LETTUCE ICEBERG,ALBION FINE FOODS
FOOD LABELS (200X LABELS),ALBION FINE FOODS
TAPIOCA PEARL (SMALL) 455G,ALBION FINE FOODS
CHOCOLATE MILK 33% CALLETS 2.5KG,ALBION FINE FOODS
SQUISH COLD PRESS APPLE JUICE 1LT,ALBION FINE FOODS
SUGAR VANILLA SOSA 500G,ALBION FINE FOODS
PIE MIX RED/WHITE 50/50 - KG,BETHNAL GREEN FISH SUPPLIES
LEMON JUICE SQUISH 1L,CLASSIC FINE FOODS
RAISINS GOLDEN JUMBO SOFT DRIED 1KG,ALBION FINE FOODS
TOMATOES HERITAGE 3KG FRESH,ALBION FINE FOODS
FZ M.MOUNT VEGAN BURG 4OZ 20X113G,ALBION FINE FOODS
SMOKED CHALK STREAM TROUT LONG SLICED,BETHNAL GREEN FISH SUPPLIES
WHEAT GERM NATURAL 500G,ALBION FINE FOODS
SEA SALT 25KG SACK COARSE,ALBION FINE FOODS
CHICKPEAS TINNED 800G,ALBION FINE FOODS
FLOUR SELF-RAISING SMALL 1.5KG,ALBION FINE FOODS
CREAM FRESH WHIPPING CATERING,ALBION FINE FOODS
VIN RICE 1LTR YUTAKA,ALBION FINE FOODS
RICE - ARBORIO RISOTTO 1KG,ALBION FINE FOODS
FZ CRANBERRY/RAISIN FLAPJACK T/BAKE,ALBION FINE FOODS
APPLE GRANNY SMITH,ALBION FINE FOODS
TRIMOLINE 7KG,ALBION FINE FOODS
FZ KOFF POMMES FRITES 9.08KG BLUE,ALBION FINE FOODS
BURRATA 100G,ALBION FINE FOODS
LIMES,ALBION FINE FOODS
FZ CROISSANT DOUGH 500G X 25,ALBION FINE FOODS
SUET LIGHT VEGETARIAN 500G,ALBION FINE FOODS
FZ RHUBARB 2.5KG,ALBION FINE FOODS
WHOLE SEA BREAM (300-400G) - FILLETED SCALED & PINNED KG,BETHNAL GREEN FISH SUPPLIES
DAY BOAT SQUID,BETHNAL GREEN FISH SUPPLIES
CITRIC ACID POWDER 1KG,ALBION FINE FOODS
PUY LENTILS 1KG,ALBION FINE FOODS
WHOLE - CHALK STREAM TROUT GUTTED,BETHNAL GREEN FISH SUPPLIES
CREAM FRESH DOUBLE CATERING,ALBION FINE FOODS
JUICE FRESH ORANGE 2.27LTR,ALBION FINE FOODS
SUNFLOWER SEEDS 1KG,ALBION FINE FOODS
MISCELLANEOUS MEDIUM COLEY WHOLE FLT SC PB + WASTE,BETHNAL GREEN FISH SUPPLIES
PLASTIC FOOD TUB&LID 4LTR RECT X10,ALBION FINE FOODS
CAPERS LILLIPUT 1.6KG (DELICIAS),ALBION FINE FOODS
TUNA CHUNKS IN BRINE 1.88KG,ALBION FINE FOODS
VEGAN EGG WHITE,CLASSIC FINE FOODS
CHICKEN BREAST LARGE X 5 PACK,ALBION FINE FOODS
COCA ZERO 24X200ML MIX BOTTLES,ALBION FINE FOODS
FROZEN 1KG 10% SUGAR APRICOT BERGERON FRANCE RHONE VALLEY,CLASSIC FINE FOODS
PENNE DECECCO 500G,ALBION FINE FOODS
CHICKPEAS TINNED 400G,ALBION FINE FOODS
FLOUR T45 GRUAU ROUGE 25 KG,ALBION FINE FOODS
POPPY SEEDS 500G,ALBION FINE FOODS
PINEAPPLE PIECES IN SYRUP LARGE A10,ALBION FINE FOODS
FZ AVIKO SKINNY SKINON 6MM 10KG,ALBION FINE FOODS
FZ MASH POTATO MARCO 9.08 KG,ALBION FINE FOODS
BUCK WHEAT GROATS (RAW) 500G,ALBION FINE FOODS
SQUID BABY - CLEANED + WASTE,BETHNAL GREEN FISH SUPPLIES
WASABI - PREPARED TUBE 43G,ALBION FINE FOODS
WHOLE STONEBASS - FILLETED SCALED & PINNED KG,BETHNAL GREEN FISH SUPPLIES
MACHINE DISHWASH 5LTR,ALBION FINE FOODS
CORIANDER GROUND 400G,ALBION FINE FOODS
WHOLE HALIBUT GIGHA - KG,BETHNAL GREEN FISH SUPPLIES
HAZELNUTS - NIBBED 1KG,ALBION FINE FOODS
SUPER NEUTROSE GALLIA 1 KG,CLASSIC FINE FOODS
JALAPENOS GREEN - SLICED A10,ALBION FINE FOODS
GLUCOSE SYRUP 1KG,ALBION FINE FOODS
MUSTARD ENGLISH COLMANS SQZY 150G ,ALBION FINE FOODS
WHITE CHOC W2 29.5% 2.5KG CALLEBAUT,CLASSIC FINE FOODS
CLINGFILM 450MMX300M LARGE,ALBION FINE FOODS
COCOTINE LIQUID EGG WHITE 1KG,CLASSIC FINE FOODS
TAHINI 900G,ALBION FINE FOODS
XV RAPESEED OIL 5LTR ALDBOROUGH,ALBION FINE FOODS
YOG GREEK STYLE SET NATURAL 5KG,ALBION FINE FOODS
MISCELLANEOUS COLEY - DSC/FLT/PB,BETHNAL GREEN FISH SUPPLIES
SALT PINK (SEL ROSE) 1KG,ALBION FINE FOODS
MADEIRA WINE 75CL,ALBION FINE FOODS
SALT TABLE SALT 6KG,ALBION FINE FOODS
ORGANIC MILK WHOLE 2LTR,ALBION FINE FOODS
FENUGREEK SEEDS 500G,ALBION FINE FOODS
VADOUVAN SPICE,ALBION FINE FOODS
WHOLE SEA BREAM (600-800G) - KG,BETHNAL GREEN FISH SUPPLIES
COD HEADS (SPLIT),BETHNAL GREEN FISH SUPPLIES
LONGLEY CREAM CHEESE F/FAT 2KG,ALBION FINE FOODS
OGLESHIELD P/KG,ALBION FINE FOODS
RASPBERRY WHOLE FREEZE DRIED100G,ALBION FINE FOODS
EGGS LARGE FREE RANGE 5 X DOZ BOX,ALBION FINE FOODS
MUSH. FRESH OYSTER GREY P/KG,ALBION FINE FOODS
NUTELLA SPREAD 3KG,ALBION FINE FOODS
EGG PASTEURISED LIQUID WHITE 1LTR,ALBION FINE FOODS
OREGANO (DRIED) 150G,ALBION FINE FOODS
SPAGHETTI 500G,ALBION FINE FOODS
GOLDEN SYRUP LARGE 7.26KG POLY,ALBION FINE FOODS
VIN POWDER CIDER 100G,ALBION FINE FOODS
KASHMIRI CHILLI POWDER 500G,ALBION FINE FOODS
CELERIAC,ALBION FINE FOODS
CADBURY'S DRINKING CHOC (MILK) 5KG,ALBION FINE FOODS
SUGAR MUSCOVADO DARK 5KG,ALBION FINE FOODS
MASCARPONE 2KG LARGE,ALBION FINE FOODS
BELGIAN DARK COUV CHOC 64% TEMPTATION 5KG,CLASSIC FINE FOODS
BULK COUS COUS P/KG,ALBION FINE FOODS
MISO PASTE - WHITE 1KG,ALBION FINE FOODS
TAPIOCA FLOUR 400G,ALBION FINE FOODS
TAPIOCA FLOUR 500G ROSE,ALBION FINE FOODS
PASSATA RUSTICA 690G BOTTLE,ALBION FINE FOODS
LARD 250G,ALBION FINE FOODS
GRAPESEED OILS 3 L,ALBION FINE FOODS
FZ PUREE BOIRON - BLACKCURRANT 1KG,ALBION FINE FOODS
MILK FRESH WHOLE 2LTR,ALBION FINE FOODS
LINCOLNSHIRE POACHER P/KG,ALBION FINE FOODS
CORNFLAKES PTN 40X24G KELLOGGS,ALBION FINE FOODS
LEEKS 1KG FRESH,ALBION FINE FOODS
CHEVRE BUCHE 1KG GOAT LOG,ALBION FINE FOODS
FOOD COLOUR YELLOW 1LTR,ALBION FINE FOODS
MISCELLANEOUS WILD HALIBUT PORTIONS SPECIALS,BETHNAL GREEN FISH SUPPLIES
LONDON TEA - GREEN TEA X20,ALBION FINE FOODS
FROZEN 500G GRANULATED ORANGE ZEST,CLASSIC FINE FOODS
BELGIAN WHITE COUV CHOC 29% DELIGHT 5KG,CLASSIC FINE FOODS
COCOA POWDER CACAO BARRY X-BRUTE 1KG,ALBION FINE FOODS
BASIL 100G FRESH,ALBION FINE FOODS
SACHETS CANDEREL STEVIA X 1000,ALBION FINE FOODS
ORANGES,ALBION FINE FOODS
WHOLE SEA BASS (3KG) - FILLETED SCALED & PINNED KG,BETHNAL GREEN FISH SUPPLIES
ONIONS WHITE,ALBION FINE FOODS
TOMATOES CHERRY 250G FRESH,ALBION FINE FOODS
SNAILS BOURGOGNE XTRA LARGE 6DZ,ALBION FINE FOODS
YEAST - FRESH 1KG,ALBION FINE FOODS
LIQUID - HICKORY 472 ML,ALBION FINE FOODS
PIPING BAG 'BIO-BASED' 53X28CM X100,ALBION FINE FOODS
FZ BLACKBERRY PUREE 1KG,ALBION FINE FOODS
NOILLY PRAT 75CL,ALBION FINE FOODS
AGAVE SYRUP 370G,ALBION FINE FOODS
YUZU JUICE 720ML HAND PRESSED,CLASSIC FINE FOODS
PORT 75CL,ALBION FINE FOODS
FZ PRETZELS BURGER BUN X 42,ALBION FINE FOODS
FZ PUREE BOIRON - PLUM MIRABELLE 1KG,ALBION FINE FOODS
CHICK THIGH YELLOW X10 CORNFED /KG,ALBION FINE FOODS
CABBAGE SAVOY XL EACH FRESH,ALBION FINE FOODS
WHOLE MULLET RED - KG,BETHNAL GREEN FISH SUPPLIES
BIO WASHING POWDER BRANDED 6.3KG,ALBION FINE FOODS
Garlic Bulb x3,ALBION FINE FOODS
LIMES FRESH - BOX 54/63,ALBION FINE FOODS
WATERMELON JUICE SQUISH 1L,CLASSIC FINE FOODS
MANGO RIPE ON TREE (AVION) 1KG,CLASSIC FINE FOODS
CARAWAY SEEDS 500G,ALBION FINE FOODS
WHOLE CHALK STREAM TROUT - KG,BETHNAL GREEN FISH SUPPLIES
FROZEN 1KG 100% BLACK CHERRY GERMANY,CLASSIC FINE FOODS
TIPTREE STRAWBERRY JAM 340G,ALBION FINE FOODS
SEA SALT 10KG BAG,ALBION FINE FOODS
CARDAMOM PODS GREEN 400G,ALBION FINE FOODS
POLENTA YELLOW (FINE) 1KG,ALBION FINE FOODS
BLUE STILTON COLSTON BASSETT P/KG,ALBION FINE FOODS
PEPPADEW PEPPERS MILD 400G,ALBION FINE FOODS
WHOLE WILD TURBOT - KG H/OFF SPLIT TRIM,BETHNAL GREEN FISH SUPPLIES
OATS ALARA GLUTEN FREE 500G,ALBION FINE FOODS
TAPIOCA PEARL (SMALL) 500G,ALBION FINE FOODS
CAVIAR - OSCIETRA 'EPICURE EAST',BETHNAL GREEN FISH SUPPLIES
FROZEN ANDROS MANDARIN ZESTS CONFIT 500G,ALBION FINE FOODS
BANANAS - LARGE HAND FRESH,ALBION FINE FOODS
GUINDILLAS - HOT PICKLED CHILLIS 3.7KG,ALBION FINE FOODS
SEA SALT 6KG TUB FINE,ALBION FINE FOODS
CATERING FOIL 450MM X 75M,ALBION FINE FOODS
OIL VEGETABLE LARGE 20LTR,ALBION FINE FOODS
FROZEN 1KG 10% SUGAR RED RHUBARB FRAMBOSA POLAND,CLASSIC FINE FOODS
LOBSTERS NATIVE (400G),BETHNAL GREEN FISH SUPPLIES
STRAWBERRY KENTISH GROWN 400G,ALBION FINE FOODS
FRESH JALAPENO GREEN CHILLIES /KG,ALBION FINE FOODS
PLASTIC FOOD TUB&LID 2LTR RECT X10,ALBION FINE FOODS
SOSA BITTER ALMOND AROMA 50G,ALBION FINE FOODS
CHILLI - CRUSHED / FLAKES 300G,ALBION FINE FOODS
ONIONS WHITE SLICED P/KG,ALBION FINE FOODS
ORANGES,ALBION FINE FOODS
CHICKEN THIGH SKINLESS BONELESS 4KG,ALBION FINE FOODS
BRIE 60% 1KG,ALBION FINE FOODS
CRUNCHY NUT BAG 4X500G KEL.,ALBION FINE FOODS
CHILLI SAUCE SWEET BLUE DRA 1LTR,ALBION FINE FOODS
DOUBLE CREAM 189ML FRESH,ALBION FINE FOODS
GRATED RED LEICESTER 2KG,ALBION FINE FOODS
FROZEN VEAL STOCK 2KG,CLASSIC FINE FOODS
GOCHUJANG HOT RED PEPPER PASTE 500G,ALBION FINE FOODS
SUGAR RAPADURA (BIONA ORGANIC) 500G,ALBION FINE FOODS
SUGAR CONE 1 SCOOP X 210,ALBION FINE FOODS
CUCUMBER FRESH EACH,ALBION FINE FOODS
NUTS PINE 1KG,ALBION FINE FOODS
CELERY HEAD FRESH EACH,ALBION FINE FOODS
WHOLE HALIBUT - NO PREP KG,BETHNAL GREEN FISH SUPPLIES
FZ PASTRY - PUFF JUS ROL 1.5KG,ALBION FINE FOODS
WORCESTER SAUCE MEDIUM 568ML,ALBION FINE FOODS
AUBERGINES LARGE X 2 FRESH,ALBION FINE FOODS
ORGANIC MERLOT GRAPE JUICE,CLASSIC FINE FOODS
NO 1 CHICKEN GRAVY 1.5KG EC,ALBION FINE FOODS
SKEWERS - GUN SHAPED 90MM X 250,ALBION FINE FOODS
RICE NOODLE GLASS 500G,ALBION FINE FOODS
KETCHUP HEINZ 15KG,ALBION FINE FOODS
HARICOT BEANS (DRIED) 1KG,ALBION FINE FOODS
CHICKPEAS (DRIED) 1KG,ALBION FINE FOODS
6X1L CREAM WHIPPING UHT 35%,CLASSIC FINE FOODS
FZ PRETZELS 40X83G SAVOURY,ALBION FINE FOODS
OATS JUMBO 1KG,ALBION FINE FOODS
SEA SALT FLAKES ORIGINAL 1.4KG,CLASSIC FINE FOODS
WHOLE HALIBUT WILD - FILLETED + WASTE KG,BETHNAL GREEN FISH SUPPLIES
WHOLE SEA BASS WILD (2-3KG) - FILLETED SCALED PIN BONED KG,BETHNAL GREEN FISH SUPPLIES
BLUE PLASTERS X100,ALBION FINE FOODS
FLOUR G/F PLAIN WHITE DOVE 1KG,ALBION FINE FOODS
FLOUR - MANITOBA 16KG MARRIAGES,ALBION FINE FOODS
MUSHROOMS CEP/PORCINI 500G DRIED,ALBION FINE FOODS
ESSENCE - ELDERFLOWER 115ML,ALBION FINE FOODS
CAPERSFINE (FRENCH) 800G / 1 LTR,ALBION FINE FOODS
PRUNES AGEN PITTED 1KG SOFT DRIED,ALBION FINE FOODS
MELON HONEY MOON EACH,ALBION FINE FOODS
PORTIONS TURBOT,BETHNAL GREEN FISH SUPPLIES
CHILLI SAUCE SRIRACHA 435ML,ALBION FINE FOODS
FRANKS HOT CHILLI SAUCE 354G,ALBION FINE FOODS
WHOLE - CHALK STREAM TROUT SCALED & CLEANED,BETHNAL GREEN FISH SUPPLIES
WHITE FISH TRIMMINGS,BETHNAL GREEN FISH SUPPLIES
SMOKED SALMON - LONG CUT,BETHNAL GREEN FISH SUPPLIES
GREEN OLIVES PITTED JUMBO 2KG,ALBION FINE FOODS
SOY SAUCE LIGHT 700ML HEALTHY BOY,ALBION FINE FOODS
FLOUR T45 GRUAU VERT STAN. 25KG,ALBION FINE FOODS
GLUCOSE SYRUP 12.5KG,ALBION FINE FOODS
WHOLE DOVER SOLE - SCALED DARKSIDE & TRIMMED,BETHNAL GREEN FISH SUPPLIES
CHILLI PEP. ESPELETTE POWD. 100G,ALBION FINE FOODS
BANANA CHIPS (DRIED) 1KG,ALBION FINE FOODS
VIN CIDER 5LTR,ALBION FINE FOODS
EGGS LARGE FREE RANGE 15 X DOZ BOX,ALBION FINE FOODS
SUGAR DEMERARA 3KG,ALBION FINE FOODS
RUM DARK 70CL,ALBION FINE FOODS
ALBUWHIP ALBUMIN POWDER 500G,CLASSIC FINE FOODS
PECORINO ROMANO (COOKING) P/KG,ALBION FINE FOODS
RICE - SUSHI WHITE 1KG,ALBION FINE FOODS
FLOUR PLAIN DOVES ORGANIC 1KG,ALBION FINE FOODS
CHEF BEEF STOCK 1LTR NESTLE,ALBION FINE FOODS
NAPKINS - 25CM 2PLY WHITE X2000,ALBION FINE FOODS
WHITE TRUFFLE OIL 250ML,ALBION FINE FOODS
SUGAR MUSCOVADO(10X500G) LIGHT 5KG,ALBION FINE FOODS
CHINESE FIVE SPICE 500G,ALBION FINE FOODS
VINCOTTO FIG 250ML,ALBION FINE FOODS
FROZEN 500G GRANULATED LEMON ZEST,CLASSIC FINE FOODS
COCOA BUTTER 3KG,CLASSIC FINE FOODS
MICRO RED VEIN SORREL,ALBION FINE FOODS
BOUILLON VEG 1KG - PASTE (GOMO),ALBION FINE FOODS
PURE GREEN SQUISH 12 X 250ML,CLASSIC FINE FOODS
STRAW COCKTAIL PAPER BLACK X250,ALBION FINE FOODS
WASHING-UP LIQUID 5LITRE,ALBION FINE FOODS
CORNICHONS TUB 2.3 KG,ALBION FINE FOODS
FZ PUREE BOIRON - MANGO 1KG,ALBION FINE FOODS
SHRIMP BROWN - PEELED KG PKT (100G),BETHNAL GREEN FISH SUPPLIES
JALAPENOS RED - SLICED A10,ALBION FINE FOODS
COUSCOUS 1KG,ALBION FINE FOODS
COCONUT MILK TIN 400ML,ALBION FINE FOODS
FLOUR T55 STRONG 25KG MOULBIE 'OR',ALBION FINE FOODS
SUPREMES HALIBUT (110-140G) - SKIN OFF KG,BETHNAL GREEN FISH SUPPLIES
SWEET ORANGE ESSENTIAL OIL,CLASSIC FINE FOODS
SOYA LECITHIN POWDER 400G SOSA,ALBION FINE FOODS
GRAVY BROWNING 1.2KG,ALBION FINE FOODS
BLANXART DARK 62% CALLETS 1KG,ALBION FINE FOODS
FZ COMPOTE MORELLO CHERRY 1KG,ALBION FINE FOODS
XANTHAM GUM 1KG,ALBION FINE FOODS
FZ PUREE BOIRON - STRAWBERRY 1KG,ALBION FINE FOODS
YOG GOATS 450G WOODLANDS,ALBION FINE FOODS
PUMPKIN SEEDS 1KG,ALBION FINE FOODS
ENGLISH GOAT CURD 1KG,ALBION FINE FOODS
OATFLAKES ROLLED 1KG,ALBION FINE FOODS
MISCELLANEOUS LIVE EELS,BETHNAL GREEN FISH SUPPLIES
FISH BONES - FLAT FISH ONLY KG,BETHNAL GREEN FISH SUPPLIES
FROZEN CRAB BODIES - KG,BETHNAL GREEN FISH SUPPLIES
GLOVES BLUE VINYL LAR PWD FREE X100,ALBION FINE FOODS
CHEDDAR SLICES MILD 1KG,ALBION FINE FOODS
POTATOES LARGE 2KG FRESH,ALBION FINE FOODS
CORN NUTS ROASTED SALTED 1KG ,CLASSIC FINE FOODS
RED LAKELAND UNSALTED BUTTER 250G,ALBION FINE FOODS
TRIMMINGS - SALMON,BETHNAL GREEN FISH SUPPLIES
CREAM SOURED 2KG,ALBION FINE FOODS
BELU WATER SPARK 12X750ML GLASS,ALBION FINE FOODS
GLUCOSE SYRUP POWDER 1KG,ALBION FINE FOODS
SEAWEED - DULSE,BETHNAL GREEN FISH SUPPLIES
WHOLE MULLET RED - FILLETED SCALED & PIN BONED KG,BETHNAL GREEN FISH SUPPLIES
GHERKINS PICKLED WHOLE KUHNE 2.45KG,ALBION FINE FOODS
DECECCO ORZO (PUNTALETTE) 500G,ALBION FINE FOODS
"FZ BRIOCHE BAP 4.5"" X 60 SANDERSON",ALBION FINE FOODS
BUCK WHEAT ROASTED (KASHA) 500G,ALBION FINE FOODS
CARROTS DONKEY,ALBION FINE FOODS
MALT EXTRACT 370G,ALBION FINE FOODS
CAMEMBERT FRENCH PAST. 250G,ALBION FINE FOODS
DIET COKE 24X330ML G/BOTTLES,ALBION FINE FOODS
FZ PUREE BOIRON - RASPBERRY 1KG,ALBION FINE FOODS
FOOD COLOUR KIWI POWDER 50G SOSA,ALBION FINE FOODS
WORCESTER SAUCE BIONA 6X140ML,ALBION FINE FOODS
BUTTER NETHEREND UNSALTED ROLL 250G,ALBION FINE FOODS
TOMATOES SAN MARZANO P/KG,ALBION FINE FOODS
LEMONS FRESH *BOX*,ALBION FINE FOODS
PEPPER BLACK COARSE GROUND 500G,ALBION FINE FOODS
WHOLE MONKFISH - KG,BETHNAL GREEN FISH SUPPLIES
LINSEED / FLAXSEED BROWN 1KG,ALBION FINE FOODS
CHORIZO COOKING (PARILLA) P/KG MILD,ALBION FINE FOODS
CHILLI SAUCE SWEET ENCONA 220ML,ALBION FINE FOODS
VINEGAR WHITE WINE LGE 5LTR,ALBION FINE FOODS
SQUASH DELICA P/KG,ALBION FINE FOODS
BLACK PUDDING WITH MANGALITZA PORK FAT â‰ˆ1.5KG,CLASSIC FINE FOODS
CAVIAR - SALMON KETA,BETHNAL GREEN FISH SUPPLIES
SUGAR DEMERARA 3KG BILLINGTONS,ALBION FINE FOODS
FENNEL GROUND 500G,ALBION FINE FOODS
PECTIN LACTEE X58 1KG,CLASSIC FINE FOODS
FROZEN SHEETS 25% PUFF PASTRY X 14 10 KG,CLASSIC FINE FOODS
POLENTA YELLOW (MEDIUM) 1KG,ALBION FINE FOODS
XV RAPESEED OIL 5LTR MAX 6,ALBION FINE FOODS
SESAME SEEDS BLACK 500G,ALBION FINE FOODS
STRAWBERRY 500G PUNNET FRESH,ALBION FINE FOODS
CLOTTED CREAM 1KG,ALBION FINE FOODS
SAKE 1.8LTR,ALBION FINE FOODS
XV COLD PRESSED RAPESEED OIL 25KG COTSWOL,ALBION FINE FOODS
CABBAGE CAVOLO NERO /KG,ALBION FINE FOODS
FOOD COLOUR GEL LEAF GREEN 25G,ALBION FINE FOODS
PERONI BEER 24X330ML,ALBION FINE FOODS
RICE PUFFED 225G,ALBION FINE FOODS
FOOD COLOUR ROYAL BLUE 1LTR,ALBION FINE FOODS
OYSTER SAUCE 907G - PANDA BRAND,ALBION FINE FOODS
CACOA BARRY CALLETS 64% 5KG,ALBION FINE FOODS
PASSATA SMOOTH 500G BRIK,ALBION FINE FOODS
WHOLE BRILL - FILLETED AND SKINNED,BETHNAL GREEN FISH SUPPLIES
LINCOLNSHIRE POACHER (WHOLE 20KG),ALBION FINE FOODS
FZ BRIOCHE STYLE BUN 80G X 24 GF,ALBION FINE FOODS
LORD OF THE HUNDREDS P/KG,ALBION FINE FOODS
BUTTON MUSHROOMS 2.5KG,ALBION FINE FOODS
WHOLE MONKFISH - SKINNED & TRIMMED KG,BETHNAL GREEN FISH SUPPLIES
BUTTERMILK 5LTR,ALBION FINE FOODS
PEPPERCORNS WHITE WHOLE 500G,ALBION FINE FOODS
WHOLE CHICKEN 1.1-1.3KG FRENCH,ALBION FINE FOODS
BAKING SODA 454G,ALBION FINE FOODS
BIO WASHING POWDER 10KG,ALBION FINE FOODS
GORGONZOLA CREMA P/KG,ALBION FINE FOODS
FLOUR PLAIN BULK 16KG,ALBION FINE FOODS
JUICE CARROT 750ML ORGANIC,ALBION FINE FOODS
MUSTARD DIJON 5KG GREEN STICKER,ALBION FINE FOODS
SOFT WHITE HAND TOWELS 24X100,ALBION FINE FOODS
MISO PASTE - WHITE PREMIUM 375G,ALBION FINE FOODS
PUFF PASTRY MAITRE ANDR ROLL 4.25KG,ALBION FINE FOODS
FISH BONES - FLAT FISH ONLY KG NO HEADS,BETHNAL GREEN FISH SUPPLIES
BAKING POWDER ORGANIC DOVES GF 1KG,ALBION FINE FOODS
MISCELLANEOUS FRZ CRAYFISH,BETHNAL GREEN FISH SUPPLIES
WHITE TRUFFLE OIL 5LT,ALBION FINE FOODS
YOG COCONUT COLLABORATIVE 350G,ALBION FINE FOODS
Cod Heads,BETHNAL GREEN FISH SUPPLIES
ORGANIC SPARKLING CABERNET GRAPE JUICE,CLASSIC FINE FOODS
AUBERGINES,ALBION FINE FOODS
FLOUR T55 STRONG BREAD 1.5KG MOULBI,ALBION FINE FOODS
TRUFFLES SALSA TRUFFINA 130G,ALBION FINE FOODS
CUTTLEFISH - CLEANED KG,BETHNAL GREEN FISH SUPPLIES
MISCELLANEOUS FLAT FISH FILLETED + BONES,BETHNAL GREEN FISH SUPPLIES
MAPLE BLEND SYRUP 1LTR,ALBION FINE FOODS
HEAVY DUTY KITCHEN DEGREASER 5LT,ALBION FINE FOODS
RICOTTA 1.5KG LARGE,ALBION FINE FOODS
CHOCOLATE WHITE 28% CALLETS 2.5KG,ALBION FINE FOODS
COCOPOPS BOX 10X295G KEL.,ALBION FINE FOODS
CULINARY AEROSOL SPRAY OIL 600ML,ALBION FINE FOODS
TRISOL 4KG,ALBION FINE FOODS
SOYA MILK BONSOY 1LTR,ALBION FINE FOODS
BUTTER FRENCH SALTED 40 X 250G,ALBION FINE FOODS
MALTODEXTRINA 500G SOSA,ALBION FINE FOODS
WHOLE GURNARDS RED - FILLETED SCALED PIN BONED KG,BETHNAL GREEN FISH SUPPLIES
MINCEMEAT 2.5KG,ALBION FINE FOODS
SWEETCORN LARGE TIN 2.1KG,ALBION FINE FOODS
GRATED MOZZARELLA 2KG,ALBION FINE FOODS
OYSTERS - FINE DE CLAIRE,BETHNAL GREEN FISH SUPPLIES
PECTIN NH NAPPAGE 1KG,CLASSIC FINE FOODS
VINEGAR APPLE 8 200ML,CLASSIC FINE FOODS
LEMON VERBENA 100G,ALBION FINE FOODS
COOKING WINE WHITE MONTEBELLO 3LTR,ALBION FINE FOODS
FAIRY LIQUID ORIGINAL 5LTR,ALBION FINE FOODS
PINEAPPLE FRESH,ALBION FINE FOODS
WHOLE LEMON SOLE - KG 600/800G FISH FLTD,BETHNAL GREEN FISH SUPPLIES
RICE - BROWN LONG GRAIN 1KG,ALBION FINE FOODS
WHOLE TURBOT WILD - KG,BETHNAL GREEN FISH SUPPLIES
GREEN PITTED OLIVES WITH HERB 3KG,ALBION FINE FOODS
BREAM PINK DSC FLTD & PB,BETHNAL GREEN FISH SUPPLIES
CUTTLEFISH - NO PREP KG,BETHNAL GREEN FISH SUPPLIES
COCA COLA 24X330ML G/BOTTLES,ALBION FINE FOODS
COCONUT MILK CHAOKOH 2.9L,ALBION FINE FOODS
MISCELLANEOUS WHOLE MEGRIM SOLE - HEADS OFF SKINNED BOTH SIDES & TRIMMED,BETHNAL GREEN FISH SUPPLIES
'IGNALAT' BURRATA 125G (VEGETARIAN),ALBION FINE FOODS
KIDNEY BEANS TIN 800G,ALBION FINE FOODS
SUGAR NATURAL CANE BROWN SUGAR 500G,ALBION FINE FOODS
VIN CIDER 1LTR,ALBION FINE FOODS
MISCELLANEOUS HALIBUT HEADS,BETHNAL GREEN FISH SUPPLIES
LEMONS,ALBION FINE FOODS
CHEESE BURRATA 125GX8 IN 1KG LIQUID CASE,CLASSIC FINE FOODS
WHOLE GURNARD - SCALED & CLEANED KG,BETHNAL GREEN FISH SUPPLIES
OAT MILK OATLY BARISTA 1.5LTR,ALBION FINE FOODS
ISOMALT REFINED SOSA 900G,CLASSIC FINE FOODS
ATORA SUET 2KG,ALBION FINE FOODS
MANITOBA SUPERFINE 16KG MARRIAGES,ALBION FINE FOODS
CANNELLONI BOXED 250G,ALBION FINE FOODS
OLD BAY SEASONING 280G,ALBION FINE FOODS
JUICE FRESH APPLE 1LTR,ALBION FINE FOODS
VEGAN MAYONNAISE KENNY'S 1LTR,ALBION FINE FOODS
FZ PUREE BOIRON - GUAVA 1KG,ALBION FINE FOODS
WHOLE COPPA COBBLE LANE 1.6-2.4KG P/KG,ALBION FINE FOODS
QUINOA FLAKES 500G,ALBION FINE FOODS
CHILLIES GREEN PICKLED 1.57KG,ALBION FINE FOODS
VIN RICE AMOY AMOY WHITE 500ML,ALBION FINE FOODS
ALLSPICE GROUND 500G,ALBION FINE FOODS
MAPLE SYRUP 463ML/620G,ALBION FINE FOODS
FROZEN LOBSTER BODIES,BETHNAL GREEN FISH SUPPLIES
Mackerel Filleted + V-Bone,BETHNAL GREEN FISH SUPPLIES
FROZEN 1KG 10% SUGAR STRAWBERRY VICTORY SENGA SENGANA,CLASSIC FINE FOODS
SHRIMP BROWN - PEELED KG,BETHNAL GREEN FISH SUPPLIES
WHOLE HAKE - KG,BETHNAL GREEN FISH SUPPLIES
PRO PANNACOTTA 800G SOSA,ALBION FINE FOODS
THAI CURRY PASTE GREEN-MAE PLOY 1KG,ALBION FINE FOODS
RICH YOLK EGGS ST EWE 5DOZ BOX,ALBION FINE FOODS
MISCELLANEOUS - LIVE SQUAT LOBSTERS,BETHNAL GREEN FISH SUPPLIES
FRESH LEMON JUICE 1LTR,ALBION FINE FOODS
STRAWBERRY KENTISH GROWN 300G,ALBION FINE FOODS
NUTRITIONAL YEAST ENGEVITA 750G,ALBION FINE FOODS
MISCELLANEOUS* SALMON BELLIES,BETHNAL GREEN FISH SUPPLIES
SOSA POTATO WHIP 500G,ALBION FINE FOODS
CREAMED SWEETCORN 425G,ALBION FINE FOODS
PICKLED WALNUTS WITH PORT 370G,ALBION FINE FOODS
BUTTER FRENCH UNSALTED 250G,ALBION FINE FOODS
WHOLE SEA BASS WILD - KG,BETHNAL GREEN FISH SUPPLIES
WHOLE SALMON LOCH DUART - KG NO PREP,BETHNAL GREEN FISH SUPPLIES
BUTTER BEANS A10,ALBION FINE FOODS
GOCHUJANG HOT REDPEP PASTE 200G,ALBION FINE FOODS
NOODLES EGG 250G,ALBION FINE FOODS
XANTHAN GUM DOVES 100G,ALBION FINE FOODS
FZ PASTRY - SHORTCRUST JUS ROL,ALBION FINE FOODS
BAKED BEANS HEINZ LARGE 2.62KG,ALBION FINE FOODS
LEMONS 500G FRESH,ALBION FINE FOODS
BRAN 1KG,ALBION FINE FOODS
ROSEMARY 100G,CLASSIC FINE FOODS
VEG FAT PUFF PASTRY,CLASSIC FINE FOODS
FISH SAUCE 725ML,ALBION FINE FOODS
FUSILLI 500G ( SPIRALI ),ALBION FINE FOODS
TAMARIND COOKING PASTE 454G,ALBION FINE FOODS
GINGER BEER FEVER TREE 24X200ML,ALBION FINE FOODS
WHOLE MONKFISH (3-4KG) - SKINNED & TRIMMED KG,BETHNAL GREEN FISH SUPPLIES
SUGAR SOFT LIGHT BROWN 3KG (BSC),ALBION FINE FOODS
SOY SAUCE WHITE (SHOYU) 1.8LTR,ALBION FINE FOODS
FROZEN 1KG 10% SUGAR STRAWBERRY CAMAROSA MARA DES VOIS MOROCCO FRANCE,CLASSIC FINE FOODS
VEGAN MAYONNAISE KENNYS 5LTR,ALBION FINE FOODS
"FZ TORTILLAS FLOUR 6"" X 15",ALBION FINE FOODS
MILLAC MILK POWDER 2KG,ALBION FINE FOODS
RED LEICESTER CREAMERY P/KG,ALBION FINE FOODS
DEXTROSE 1KG,CLASSIC FINE FOODS
LINGUINE DECECCO 500G,ALBION FINE FOODS
DRIED CRANBERRIES 1KG,ALBION FINE FOODS
GARLIC BLACK PEELED 150G,ALBION FINE FOODS
PAILLETE FEUILLETINE 2.5KG,ALBION FINE FOODS
CHICKEN STOCK 800G EC,ALBION FINE FOODS
TURMERIC GROUND 500G,ALBION FINE FOODS
SQUISH 100% PURE TOMATO JUICE 1LTR,ALBION FINE FOODS
CRANBERRY SAUCE SHAWS 2.55KG,ALBION FINE FOODS
COCONUT CHIPS (NATURAL) 1KG,ALBION FINE FOODS
MUSTARD WHOLEGRAIN CATERING 2.27 LTR,ALBION FINE FOODS
WHOLE MONKFISH (2-3KG) - SKINNED & TRIMMED KG,BETHNAL GREEN FISH SUPPLIES
CREAM FRESH WHIPPING CATERING,ALBION FINE FOODS
TARRAGON 100G FRESH,ALBION FINE FOODS
'IGNALAT' BURRATA 100G (VEGETARIAN),ALBION FINE FOODS
CREAM SOURED 150ML,ALBION FINE FOODS
DIGESTIVE BISCUITS HILLS 300G,ALBION FINE FOODS
CLAMS,BETHNAL GREEN FISH SUPPLIES
FROZEN 1KG 10% SUGAR VIOLET FIG FRANCE PROVENCE,CLASSIC FINE FOODS
LOBSTERS CANADIAN (400-600G),BETHNAL GREEN FISH SUPPLIES
QUINCE VINEGAR 250ML,CLASSIC FINE FOODS
COLD BREW COFFEE ESPRESSO 1LTR SOLO CASE,ALBION FINE FOODS
ONGLET STEAK (X5),ALBION FINE FOODS
COD - SALTED,BETHNAL GREEN FISH SUPPLIES
THAI CURRY PASTE RED -MAE PLOY1KG,ALBION FINE FOODS
CAPERS 1.6KG (DELICIAS),ALBION FINE FOODS
MAPLE SYRUP SHADY FARM 250ML,ALBION FINE FOODS
CHERRIES (DRIED) 1KG,ALBION FINE FOODS
COCKTAIL STICKS TURNED X 500,ALBION FINE FOODS
GINGER - GROUND 400G,ALBION FINE FOODS
CORIANDER FRESH,ALBION FINE FOODS
MUSTARD SEEDS - BROWN 800G,ALBION FINE FOODS
PEARS CONFERENCE X 8 FRESH,ALBION FINE FOODS
PINEAPPLE PIECES SMALL 825G KC1,ALBION FINE FOODS
WASABI POWDER - KONA SHIZUKA 1KG,ALBION FINE FOODS
KALE GREEN 250G FRESH,ALBION FINE FOODS
WORCESTER SAUCE V.SMALL 150ML,ALBION FINE FOODS
MISCELLANEOUS SKATE HEADS,BETHNAL GREEN FISH SUPPLIES
MARMITE 250G,ALBION FINE FOODS
MIRIN 1LTR,ALBION FINE FOODS
FZ PUREE BOIRON - WHITE PEACH,ALBION FINE FOODS
FZ ROAST POTATOES 9.08KG,ALBION FINE FOODS
PAPRIKA SPANISH 500G,ALBION FINE FOODS
MUSTARD ENGLISH COLMANS 100G,ALBION FINE FOODS
FZ PUREE BOIRON - BLOOD PEACH 1KG,ALBION FINE FOODS
WHOLE COD - KG,BETHNAL GREEN FISH SUPPLIES
MISCELLANEOUS 2KG LIVE SQUAT LOBSTERS,BETHNAL GREEN FISH SUPPLIES
HONEY - SPANISH BLOSSOM 3KG,ALBION FINE FOODS
WHOLE LEMON SOLE - SKINNED BOTH SIDES KG,BETHNAL GREEN FISH SUPPLIES
JUICE UHT ORANGE 1LTR,ALBION FINE FOODS
CHILLI SAUCE SRIRACHA 455ML,ALBION FINE FOODS
PEPPERCORNS GREEN DRY 300G,ALBION FINE FOODS
SMOKED CHEDDAR (GEN) P/KG,ALBION FINE FOODS
GRAPEFRUIT PINK,CLASSIC FINE FOODS
RICE BROWN PUFFED 225G,ALBION FINE FOODS
WHOLE JOHN DORY - FILLETED KG,BETHNAL GREEN FISH SUPPLIES
ANCHOVIES IN EXTRA VIRGIN OLIVE OIL 10-12 FILLETS 120G,CLASSIC FINE FOODS
WHOLE SEA BASS WILD (1-2KG) - FILLETED SCALED PIN BONED KG,BETHNAL GREEN FISH SUPPLIES
FZ LIEGE BUTTER WAFFLES 30 X 90G,ALBION FINE FOODS
NESCAFE INSTANT GRANULES 475G,ALBION FINE FOODS
WHOLE MULLET RED - SCALED BUTTERFLIED & PINNED KG,BETHNAL GREEN FISH SUPPLIES
FILLETS SEA BREAM (140-170G),BETHNAL GREEN FISH SUPPLIES
PROBE WIPES (BUCKET OF 200),ALBION FINE FOODS
ALLA PALA SOURDOUGH OVAL PIZZA KIT,ALBION FINE FOODS
FZ REDUCED BEEF STOCK 2.5KG,ALBION FINE FOODS
CHOPPED TOMATO TIN 400G,ALBION FINE FOODS
YEAST (DRIED) 500G,ALBION FINE FOODS
BUTTER NETHEREND SALTED 100X10G,ALBION FINE FOODS
GF DOVES FARM CORNFLAKES,ALBION FINE FOODS
FILO PASTRY 500G,ALBION FINE FOODS
WHOLE SEA BASS (600-800G) - FILLETED SCALED & PINNED KG,BETHNAL GREEN FISH SUPPLIES
TATE & LYLE - MAPLE FLAVOUR SYRUP,CLASSIC FINE FOODS
DANYU CHINKIANG VINEGAR 550ML,ALBION FINE FOODS
STRAWBERRY JAM 2.5KG COTTAGE DELIGHT,ALBION FINE FOODS
FZ PUREE BOIRON - BLACKBERRY 1KG,ALBION FINE FOODS
MILK FRESH SKIMMED 2LTR,ALBION FINE FOODS
MUSH. FRESH SHIITAKE P/KG,ALBION FINE FOODS
WHOLE MACKEREL - FILLETED & V-BONE KG,BETHNAL GREEN FISH SUPPLIES
FOOD COLOUR BRIGHT RED 1LTR,ALBION FINE FOODS
KENTISH BLUE P/KG,ALBION FINE FOODS
MISCELLANEOUS TOPE,BETHNAL GREEN FISH SUPPLIES
CRAB MEAT WHITE - HAND PICKED,BETHNAL GREEN FISH SUPPLIES
WHOLE - SKATE WING,BETHNAL GREEN FISH SUPPLIES
WHOLE SARDINES - BUTTERFLIED & SCALED HEAD ON,BETHNAL GREEN FISH SUPPLIES
RED LAKELAND UNSALTED BUTTER 250G,ALBION FINE FOODS
GARAM MASALA 500G,ALBION FINE FOODS
CENTRE FEED BLUE ROLL 2PLY X6 PR,ALBION FINE FOODS
SQUISH100% PURE TOMATO JUICE 750ML,ALBION FINE FOODS
GHERKINS PICKLED GIANT 10LITRE,ALBION FINE FOODS
CHILLI SCE SRIRACHA SUPER HOT 455ML,ALBION FINE FOODS
FILLETS SEA BREAM (80-110G),BETHNAL GREEN FISH SUPPLIES
YOG NATURAL 5KG,ALBION FINE FOODS
BACON UNSMKD STREAKY D/CURE 1KG,ALBION FINE FOODS
SUPER NEUTROSE 1KG,ALBION FINE FOODS
ANCHOVY FILLETS INOI - TIN 10 X 50G,ALBION FINE FOODS
SMOKED SALMON - D CUT,BETHNAL GREEN FISH SUPPLIES
RICE - WILD BLACK 1KG,ALBION FINE FOODS
RICEKRISPIES 4X400G BAG KEL,ALBION FINE FOODS
FZ PUREE BOIRON -CHERRY MORELLO 1KG,ALBION FINE FOODS
CLOVES DRIED 250G,ALBION FINE FOODS
BUTTER FRENCH UNSALTED 250G,ALBION FINE FOODS
1L JUICE MANGO (SQUISH),CLASSIC FINE FOODS
MINT BUNCH 100G FRESH,ALBION FINE FOODS
CHAAT MASALA 12 X 100G,ALBION FINE FOODS
WASHING-UP LIQUID 5LTR ANTIBAC,ALBION FINE FOODS
NAPKINS - 40CM 3PLY WHITE X1000,ALBION FINE FOODS
FLORA PLANT DOUBLE CREAM 1 LTR,ALBION FINE FOODS
SPAGHETTI DECECCO 500G,ALBION FINE FOODS
WEST IND. HOT PEPP SCE ENCONA 220ML,ALBION FINE FOODS
STRAWBERRIES 500G,CLASSIC FINE FOODS
PEANUTS - DRY ROASTED 1KG,ALBION FINE FOODS
TONIC FEVER TREE INDIAN 24X200ML,ALBION FINE FOODS
CORNICHONS 1.6KG,ALBION FINE FOODS
SPRING ONIONS (BUNCH),ALBION FINE FOODS
JUICE FRESH RUBY GRAPEFRUIT 2.27L,ALBION FINE FOODS
FRESH RED CHILLIES 3KG BOX,ALBION FINE FOODS
POTATOES - PINK FIR APPLE 5KG BOX,ALBION FINE FOODS
ONIONS - CRISPY FRIED 400G,ALBION FINE FOODS
CORNFLAKES 250G BOX KELLOGGS,ALBION FINE FOODS
FILLETS MACKEREL - KG,BETHNAL GREEN FISH SUPPLIES
STAB 2000 1KG,ALBION FINE FOODS
SESAME SEEDS 500G,ALBION FINE FOODS
BERKSWELL P/KG,ALBION FINE FOODS
COCOA BUTTER MYCRYO 600G CALLEBAUT,CLASSIC FINE FOODS
PARMIGIANO REGGIANO P/KG,ALBION FINE FOODS
STRAWBERRY JAM 1KG,ALBION FINE FOODS
TEA PG TIPS 1 CUP 100S BOX,ALBION FINE FOODS
CACOA BARRY CALLETS 64% 5KG,ALBION FINE FOODS
LACTIC ACID 500G,ALBION FINE FOODS
MAGGI LIQUID SEASONING 125G,ALBION FINE FOODS
BELU WATER SPARK 24X500ML PLASTIC,ALBION FINE FOODS
MACARONI 500G (SMALL GAUGE),ALBION FINE FOODS
SMOKE WOOD CHIPS APPLE 8 PINT,ALBION FINE FOODS
VERJUICE 50 CL,ALBION FINE FOODS
BG ELDERFLOWER CORDIAL 6X500ML,ALBION FINE FOODS
CHICKEN THIGH YELLOW BONELESS,ALBION FINE FOODS
OYSTERS - COLCHESTER,BETHNAL GREEN FISH SUPPLIES
MUSSELS - LIVE,BETHNAL GREEN FISH SUPPLIES
SODA WATER 6X1LTR SCHWEPPES,ALBION FINE FOODS
EGG PASTEURISED LIQUID YOLK 1LTR,ALBION FINE FOODS
LONDON TEA - CHAMOMILE X20,ALBION FINE FOODS
MUSTARD DIJON 1KG GREEN STICKER,ALBION FINE FOODS
COCONUT DESICCATED 1KG,ALBION FINE FOODS
BANANA FLAVOUR MILKSHAKE 500G,ALBION FINE FOODS
OAT MILK OATLY BARISTA 1LTR,ALBION FINE FOODS
HONEY - ENGLISH PAYNES 340G,ALBION FINE FOODS
STRAW PAPER BLACK 6MMX250,ALBION FINE FOODS
SEA SALT 10KG BAG FINE,ALBION FINE FOODS
TAHINI 5KG (PLASTIC BUCKET),ALBION FINE FOODS
WORCESTER SAUCE SMALL 290ML,ALBION FINE FOODS
TOMATOES FRESH,ALBION FINE FOODS
BEANS BAHIBE MILK 46% 3KG,CLASSIC FINE FOODS
JASMINE FLOWERS DRIED 100G,ALBION FINE FOODS
CORNICHONS (FRANCE) 1KG,ALBION FINE FOODS
MISCELLANEOUS COLEY SC/ FLT/PB + WASTE,BETHNAL GREEN FISH SUPPLIES
MUSTARDWHOLEGRAIN COLMANS2.25LT,ALBION FINE FOODS
FEVER TREE LEMONADE 24X200ML,ALBION FINE FOODS
MUSTARD WHOLEGRAIN 5KG RED STICKER,ALBION FINE FOODS
CHEDDAR SLICES MATURE 1KG,ALBION FINE FOODS
WHOLE MACKEREL - KG VIP LARGE,BETHNAL GREEN FISH SUPPLIES
PECANS - HALVES 1KG,ALBION FINE FOODS
PORK BELLY AROUND 8 KG /KG,ALBION FINE FOODS
GLUCONOLACTAT SOSA 500G,ALBION FINE FOODS
MRS BELLS BLUE P/KG,ALBION FINE FOODS
SOY SAUCE KIKKOMAN GF TAMARI 1LTR,ALBION FINE FOODS
FLOUR G/F WHITE S/R FLOUR DOVE 1KG,ALBION FINE FOODS
MINT FRESH,ALBION FINE FOODS
FROZEN RAW PRAWNS 31/40 - PEELED & DEVEINED,BETHNAL GREEN FISH SUPPLIES
OYSTERS - JERSEY,BETHNAL GREEN FISH SUPPLIES
OIL VEGETABLE 5LTR,ALBION FINE FOODS
FROZEN 1KG 100% LYCHEE MADAGASCAR,CLASSIC FINE FOODS
WHOLE SEA BREAM (800-1000G) - FILLETED SCALED & PINNED + WASTE KG,BETHNAL GREEN FISH SUPPLIES
FZ MARCOPW HASHBROWNS 9.08KG,ALBION FINE FOODS
ALMONDS - SILVERED 1KG,ALBION FINE FOODS
FZ STRAWBERRIES 1KG,ALBION FINE FOODS
FLOUR GRAND SIECLE T65 25KG,ALBION FINE FOODS
STILTON CRUMB P/KG,ALBION FINE FOODS
RICE - PUDDING 1KG,ALBION FINE FOODS
COCOA BUTTER CALLETS 1KG,ALBION FINE FOODS
NUTMEG - GROUND 500G,ALBION FINE FOODS
ESSENCE - MINT 115ML,ALBION FINE FOODS
PEPPERCORNS PINK 300G DRY,ALBION FINE FOODS
BAKED BEANS CATERING A10,ALBION FINE FOODS
FLOUR SPELT ORG WHOLEMEAL 1KG,ALBION FINE FOODS
VEAL JUS 1KG PREMIEREC (BLACK TUB),ALBION FINE FOODS
SCOURER - METAL X10 LARGE,ALBION FINE FOODS
YOPOLS MEDITERRANEAN YOGURT 800G,CLASSIC FINE FOODS
VINEGAR MAPLE 8 200ML,CLASSIC FINE FOODS
MALTODEXTRIN POWDER 600G,CLASSIC FINE FOODS
STRAWBERRY FREEZE DRIED POWDER 100G,ALBION FINE FOODS
LIQUID SMOKE FLAVOUR 5LT,ALBION FINE FOODS
SOY SAUCE KIKKOMAN GF TAMARI 20LTR,ALBION FINE FOODS
RED LAKELAND UNSALTED BUTTER 40X250G,ALBION FINE FOODS
FZ PASTRY PUFF SHEETS 2.5MM (10KG),ALBION FINE FOODS
WHOLE SEA BREAM (400-600G) - KG FLT SKINNED PB + WASTE,BETHNAL GREEN FISH SUPPLIES
FROZEN IQF STRAWBERRY 5 X 1KG,CLASSIC FINE FOODS
SICHUAN PEPPERCORN DRIED 500G,ALBION FINE FOODS
PHILADELPHIA ORIGINAL 180G,ALBION FINE FOODS
HORSERADISH SAUCE COLMANS 2.25LTR ,ALBION FINE FOODS
TAPIOCA PEARL (SMALL) 400G,ALBION FINE FOODS
PEPPERCORNS GREEN BRINE 1.5KG,ALBION FINE FOODS
TAY ICE-CREAM - CLOTT CREAM 2.5LTR,ALBION FINE FOODS
MINI CONE WITH COATING AND SLEEVE NEUTRAL 75MM X 180,CLASSIC FINE FOODS
BISTO VEGETARIAN GRAVY GRANS 1.9KG,ALBION FINE FOODS
STRAWBERRY 400G PUNNET KENTISH,ALBION FINE FOODS
APPLES RED X 8 FRESH,ALBION FINE FOODS
SUGAR CASTER 2KG,ALBION FINE FOODS
COCONUT OIL 500ML,ALBION FINE FOODS
CHOPPED TOMATO TIN A10,ALBION FINE FOODS
INULIN COLD 500G,CLASSIC FINE FOODS
EGG PASTEURISED LIQUID YOLK 1LTR,ALBION FINE FOODS
LEMONS,ALBION FINE FOODS
FLOUR RICE 500G,ALBION FINE FOODS
WHOLE LEMON SOLE - KG,BETHNAL GREEN FISH SUPPLIES
MISCELLANEOUS PINK BREAM DSC FLTD PINNED,BETHNAL GREEN FISH SUPPLIES
GUINDILLAS - HOT PICKLED CHILLIS 1.2KG,ALBION FINE FOODS
SULTANAS (DRIED) - GOLDENSA 1KG,ALBION FINE FOODS
SUGAR RAPADURA 1KG,ALBION FINE FOODS
TUNWORTH 250G,ALBION FINE FOODS
500G FRESH BABY SPINACH BAG,ALBION FINE FOODS
MALIC ACID 1 KG,ALBION FINE FOODS
DIET COKE 24X200ML MIX BOTTLES,ALBION FINE FOODS
GLUTINOUS RICE 2KG,ALBION FINE FOODS
BURRATA GOAT 120G,ALBION FINE FOODS
SUGAR ICING SUGAR 3KG,ALBION FINE FOODS
WHOLE MONKFISH - FILLETED SKINNED & WASTE KG,BETHNAL GREEN FISH SUPPLIES
LEMONGRASS PACK 80G,ALBION FINE FOODS
PUMPKIN PIE FILLING 425G,ALBION FINE FOODS
ANCHOVIES DIEZ 90-92 FILLETS 550G,CLASSIC FINE FOODS
LEAVES PANDAN 200G,CLASSIC FINE FOODS
MISCELLANEOUS FLOUNDERS,BETHNAL GREEN FISH SUPPLIES
RIOBA BAR SYRUP ORGEAT ALMOND 70CL,CLASSIC FINE FOODS
ISOMALT SUGAR 1KG SOSA,ALBION FINE FOODS
XV OLIVE OIL 1LTR ,ALBION FINE FOODS
PARSLEY BUNCH FLAT LEAF 100G FRESH,ALBION FINE FOODS
FLOOR SURFACE CLEANER 5LTR (LEMON),ALBION FINE FOODS
FZ CHOICE PEAS 1KG,ALBION FINE FOODS
CELERY SALT 900G,ALBION FINE FOODS
CALAMANSI VINEGAR 250ML,CLASSIC FINE FOODS
ONIONS - PICKLED 2.27KG,ALBION FINE FOODS
SMOKED HADDOCK NATURAL - KG,BETHNAL GREEN FISH SUPPLIES
"FZ HOT DOG ROLLS 7.5""X48",ALBION FINE FOODS
KETJAP MANIS (SOY SCE SWEET) 750ML,ALBION FINE FOODS
LETTUCE LITTLE GEM X 2 FRESH,ALBION FINE FOODS
COCOA NIBBS - GRUE DE CACAO 1KG,ALBION FINE FOODS
LENTILS RED 1KG,ALBION FINE FOODS
LEMONS X5,ALBION FINE FOODS
COOKING WINE WHITE SEASONED 5LTR,ALBION FINE FOODS
STRING (BUTCHERS GRADE) 500G,ALBION FINE FOODS
CURRY POWDER - MILD 500G,ALBION FINE FOODS
RASPBERRY VINEGAR 250ML,CLASSIC FINE FOODS
"WHOLE SEA BASS (1-1.5KG) - FILLETED, SKINNED & PINNED",BETHNAL GREEN FISH SUPPLIES
TROUT KETA,BETHNAL GREEN FISH SUPPLIES
COCONUT CREAM 400ML,ALBION FINE FOODS
NOCELLARA OLIVES *STONE IN* 3.5KG,ALBION FINE FOODS
FROG LEGS,BETHNAL GREEN FISH SUPPLIES
ITALIAN MATURED SLICED HAM 500G,ALBION FINE FOODS
CHILLI - WHOLE DRIED HOT 150G,ALBION FINE FOODS
TALEGGIO P/KG,ALBION FINE FOODS
WHOLE MACKEREL - FILLETED KG,BETHNAL GREEN FISH SUPPLIES
BELGIAN DARK COUV CHOC 72% SENSATION 5KG,CLASSIC FINE FOODS
PISTACHIOS - SHELLED (WITH SKIN)1KG,ALBION FINE FOODS
MILD BLOCK CHEDDAR P/KG,ALBION FINE FOODS
PURE GREEN SQUISH 1L,CLASSIC FINE FOODS
SUGAR CASTER 1KG,ALBION FINE FOODS
CHIPOTLE IN ADOBO SAUCE 215G SML,ALBION FINE FOODS
PEPPER WHITE GROUND 500G,ALBION FINE FOODS
SCALLOPS - DIVER MEDIUM,BETHNAL GREEN FISH SUPPLIES
Salmon Belly,BETHNAL GREEN FISH SUPPLIES
HORSERADISH SAUCE CATERING 2.27LTR,ALBION FINE FOODS
ROSARY ASH LOG SMALL 275G,ALBION FINE FOODS
GOLDEN BASMATI RICE 10KG,ALBION FINE FOODS
RICE - BASMATI TILDA 20KG (BLUE),ALBION FINE FOODS
WHOLE LEMON SOLE - KG 300/450G FISH FLTD,BETHNAL GREEN FISH SUPPLIES
BEEF BOUILLON POWDER 1KG KNORR,ALBION FINE FOODS
FZ RASPBERRIES 1KG,ALBION FINE FOODS
ANGOSTURA BITTERS 44.7% 200ML,ALBION FINE FOODS
ONIONS - SILVERSKIN 2.27KG JAR,ALBION FINE FOODS
BELU WATER SPARK 24X330ML GLASS,ALBION FINE FOODS
MILLET SEED 500G,ALBION FINE FOODS
FRUCTOSE POWDER,CLASSIC FINE FOODS
MISCELLANEOUS WHOLE MEGRIM SOLE - FILLETED + BONES,BETHNAL GREEN FISH SUPPLIES
PANKO BREADCRUMBS 10KG SACK,ALBION FINE FOODS
PICKLED WALNUTS 390G,ALBION FINE FOODS
FZ BRIOCHE BUN SESAME 10.5CM X 50,ALBION FINE FOODS
MADEIRA (SWEET COOKING WINE) 2.5L,ALBION FINE FOODS
OXFORD BLUE P/KG,ALBION FINE FOODS
FZ CHOCOLATE FUDGE BROWNIE TRAYBAKE,ALBION FINE FOODS
ALMONDS WHOLE BLANCHED 1KG,CLASSIC FINE FOODS
JUICE FRESH ORANGE 1LTR,ALBION FINE FOODS
MONTEREY JACK P/KG,ALBION FINE FOODS
STAR ANISE GROUND 250G,ALBION FINE FOODS
BRANDY 70CL - GENERIC,ALBION FINE FOODS
MORSWEET DEHYDRATED GLUCOSE 5KG,CLASSIC FINE FOODS
WHOLE SEA BREAM (400-600G) - FILLETED SCALED & PINNED KG,BETHNAL GREEN FISH SUPPLIES
MOZZARELLA FRESH 125G,ALBION FINE FOODS
TAHINI 300G,ALBION FINE FOODS
FRUCTOSE SUGAR 1KG SOSA,ALBION FINE FOODS
MONIN SYRUP GRENADINE 1LT PET,ALBION FINE FOODS
PEPPERS RED 1KG FRESH,ALBION FINE FOODS
FILLETS COLEY - SCALED AND PIN BONED KG,BETHNAL GREEN FISH SUPPLIES
DRIED FIGS 1KG,ALBION FINE FOODS
PEANUTS - BLANCHED 1KG,ALBION FINE FOODS
WHITE CHOCOLATE CARAMEL BUTTONS EUPHORIA 5KG,CLASSIC FINE FOODS
FLOUR RICE 1KG DOVES,ALBION FINE FOODS
GUAR GUM 750G,CLASSIC FINE FOODS
FZ VEG SAUS CHORIZO RED PEP 12X270G,ALBION FINE FOODS
MACE WHOLE 300G,ALBION FINE FOODS
CHARCOAL POWDER ACTIVATED 500G,ALBION FINE FOODS
LIMES X 6 FRESH,ALBION FINE FOODS
FRANKFURT SAUSAGES ~2KG,ALBION FINE FOODS
ESPELETTE CHILI PEPPER AOP 250G,CLASSIC FINE FOODS
BLUE MONDAY P/KG,ALBION FINE FOODS
MISCELLANEOUS* COD HEADS,BETHNAL GREEN FISH SUPPLIES
HONEY - MIXED FLOWER 3.17KG ROWSE,ALBION FINE FOODS
THAI CURRY PASTE YELLOW- MAE 400G,ALBION FINE FOODS
DILL SEED 350G,ALBION FINE FOODS
SUGAR CUBE PERRUCHE - BROWN 1KG,ALBION FINE FOODS
PORT (RUBY COOKING WINE) 3LTR,ALBION FINE FOODS
FILLETS MONKFISH - KG,BETHNAL GREEN FISH SUPPLIES
SUGAR CASTER LARGE 25KG BSC,ALBION FINE FOODS
FZ BEEF STOCK 2.5KG,ALBION FINE FOODS
BICARBONATE OF SODA 1KG,ALBION FINE FOODS
CORIANDER BUNCH 100G FRESH,ALBION FINE FOODS
ANISEED POWDER 500G,ALBION FINE FOODS
CREME FRAICHE 1KG,ALBION FINE FOODS
FROZEN 1KG 10% SUGAR MORELLO CHERRY OBLACINSKA SERBIA,CLASSIC FINE FOODS
CHIFFERI RIGATI MACARONI 500G,ALBION FINE FOODS
FLOUR RICE 454G ASIAN,ALBION FINE FOODS
PAPRIKA SMOKED SWEET STANDARD 500G,ALBION FINE FOODS
CAULIFLOWER EACH,ALBION FINE FOODS
GREEN OLIVES PITTED 1KG,ALBION FINE FOODS
SAUERKRAUT 900G JAR,ALBION FINE FOODS
MONOSODIUM GLUTAMATE 1KG,ALBION FINE FOODS
SMOKE WOOD CHIPS CHERRY 1 PINT,ALBION FINE FOODS
CAMEMBERT ROYAL (MINI) 150G,ALBION FINE FOODS
BULGAR WHEAT (DRIED) 1KG,ALBION FINE FOODS
SALT PINK DIAMOND KASHMIR 1KG,ALBION FINE FOODS
BURRATA 200G,ALBION FINE FOODS
PARSLEY FLAT LEAF FRESH 100G,ALBION FINE FOODS
MATURE BLOCK CHEDDAR P/KG [5KG],ALBION FINE FOODS
FIRST AID KIT (20 PERSON),ALBION FINE FOODS
UHT CREAM MONTAIGU 35% 1L,ALBION FINE FOODS
FZ STRAWBERRY PUREE 1KG,ALBION FINE FOODS
WHOLE TROUT SEA-REARED - SCALED & CLEANED KG,BETHNAL GREEN FISH SUPPLIES
MUSTARD ENGLISH COLMANS 2.25LTR,ALBION FINE FOODS
JUICE FRESH ORANGE 1LTR,ALBION FINE FOODS
AGAVE SYRUP PURE ORGANIC 250ML,ALBION FINE FOODS
PLUM PEELED WHOLE TOMATOES A10,ALBION FINE FOODS
GINGER 200G FRESH,ALBION FINE FOODS
FLOWERS FRESH - EDIBLE PUNNET,ALBION FINE FOODS
FZ PUREE BOIRON - GINGER 1KG,ALBION FINE FOODS
SALAD LEAF MIX 125G FRESH ,ALBION FINE FOODS
WHOLE BRILL - FILLETED KG,BETHNAL GREEN FISH SUPPLIES
MASCARPONE 2KG,ALBION FINE FOODS
WHOLE HALIBUT - KG,BETHNAL GREEN FISH SUPPLIES
SODA FEVER-TREE 24X200ML,ALBION FINE FOODS
35/65G 1KG FROZEN SLICES OF RAW DUCK FOIE GRAS,CLASSIC FINE FOODS
BULK RAPADURA SUGAR PKG,ALBION FINE FOODS
VIN BALSAMIC WHITE 75CL,ALBION FINE FOODS
WHITE CHOCOLATE WITH CARAMEL 2.5KG CALLEBAUT,ALBION FINE FOODS
FZ PEAS GARDEN 1KG,ALBION FINE FOODS
TOMATOES PLUM ON VINE 5KG,ALBION FINE FOODS
FZ PUREE BOIRON - BLUEBERRY 1KG,ALBION FINE FOODS
SPINACH LEAVES BAG 200G FRESH,ALBION FINE FOODS
John Dory 500/600gm,BETHNAL GREEN FISH SUPPLIES
PASTRY FEUILLE DE BRICK X 10,ALBION FINE FOODS
NOCELLARA OLIVES *STONE IN* 1KG,ALBION FINE FOODS
RICE - BASMATI 5KG,ALBION FINE FOODS
ALMONDS - SMOKED 1KG,ALBION FINE FOODS
SUGAR SOFT DARK BROWN 3KG,ALBION FINE FOODS
PHILADELPHIA ORIGINAL 165G,ALBION FINE FOODS
PLASTIC SQUEEZY BOTTLE 5 X 500ML,ALBION FINE FOODS
SMOKED ROE COD,BETHNAL GREEN FISH SUPPLIES
TABASCO SAUCE 350ML LARGE,ALBION FINE FOODS
CANNELLINI BEANS 400G TIN,ALBION FINE FOODS
MISCELLANEOUS RED FISH DSC FLTD & PB + BONES,BETHNAL GREEN FISH SUPPLIES
MUSHROOMS FRESH PARIS BROWN/CHESTNUT 2.5KG,ALBION FINE FOODS
CORNFLOUR 500G,ALBION FINE FOODS
PEANUT BUTTER SMOOTH (PIP) 1KG,ALBION FINE FOODS
WHOLE SEA BREAM (300-400G) - KG,BETHNAL GREEN FISH SUPPLIES
SAGE FRESH BUNCH,ALBION FINE FOODS
FLOUR GRAM/CHICKPEA 1KG,ALBION FINE FOODS
CHILLI - ANCHO WHOLE DRY 1KG,ALBION FINE FOODS
SEA SALT 10KG BAG FINE,ALBION FINE FOODS
SEMOLINA MILLED COARSE 1KG,ALBION FINE FOODS
WHOLE DOVER SOLE - KG,BETHNAL GREEN FISH SUPPLIES
CLINGFILM 300MMX300M SMALL,ALBION FINE FOODS
HONEY SQUEEZY 720G,ALBION FINE FOODS
LIMES,ALBION FINE FOODS
ALMOND POWDER EXTRA THIN 1 KG,CLASSIC FINE FOODS
TACO SHELLS X 200,ALBION FINE FOODS
MILLIAT JUICE-TOMATO 12X33CL,ALBION FINE FOODS
COD HEADS (SPLIT),BETHNAL GREEN FISH SUPPLIES
PORT (RUBY COOKING WINE) 2.5LTR,ALBION FINE FOODS
MINI APPLES IN SYRUP 850G,CLASSIC FINE FOODS
BULK POTATO STARCH P/KG,ALBION FINE FOODS
SWEETCORN 320G,ALBION FINE FOODS
GRAVY BROWNING 950G,ALBION FINE FOODS
CHIVES 100G FRESH,ALBION FINE FOODS
ALMONDS - WHOLE BLANCHED 1KG,ALBION FINE FOODS
"MORTEAUX SAUS IGP ""AMIOTTE"" P/KG",ALBION FINE FOODS
RHUBARB WYE VALLEY 1KG,CLASSIC FINE FOODS
CHESTNUT VAC PAC 1KG,ALBION FINE FOODS
FRESH 1KG 10% SUGAR PASSION FRUIT FLAVICARPA ECUADOR,CLASSIC FINE FOODS
PEARL BARLEY 1KG,ALBION FINE FOODS
MILLIAT JUICE-TOMATO 12X33CL,ALBION FINE FOODS
CORN TORTILLA MEXICANA 12CM GF X 60,ALBION FINE FOODS
WHOLE MACKEREL - GUTTED KG,BETHNAL GREEN FISH SUPPLIES
WHOLE CHALK STREAM TROUT - FILLETED SCALED PIN BONED KG,BETHNAL GREEN FISH SUPPLIES
OWLET COX & BRAMLEY JUICE,ALBION FINE FOODS
VINEGAR WHITE WINE LGE 5LTR,ALBION FINE FOODS
FLOUR SELF RAISING DOVE ORG 1KG,ALBION FINE FOODS
CHILLI SAUCE SRIRACHA 740ML,ALBION FINE FOODS
STRAWBERRIES OAKCHURCH 400G,CLASSIC FINE FOODS
COOKING RED WINE 5LTR,ALBION FINE FOODS
NEWBY - GREEN SENCHA LOOSE 100G,ALBION FINE FOODS
KOMBU KELP STRIP POUCH 30G,ALBION FINE FOODS
SESAME OIL 100% PURE 650ML,ALBION FINE FOODS
WHOLE SEA BREAM (600-800G) - FILLETED SKINNED & PINNED + WASTE,BETHNAL GREEN FISH SUPPLIES
COCA COLA 24X200ML MIX BOTTLES,ALBION FINE FOODS
COCOTINE LIQUID EGG YOLK 1KG,CLASSIC FINE FOODS
EGGS MED FR KENTISH BROWN X 6,ALBION FINE FOODS
JUICE FRESH APPLE 1LTR,ALBION FINE FOODS
FENNEL SEEDS 400G,ALBION FINE FOODS
SQUISH COLDPRESS CRANBERRY JUICE1LT,ALBION FINE FOODS
Lemon Sole Darkside + Trimmed,BETHNAL GREEN FISH SUPPLIES
FZ GOLDEN CHICKEN STOCK 2.5KG,ALBION FINE FOODS
ORANGES X 5 FRESH ,ALBION FINE FOODS
Milk Powder 1kg - LOUIS FRANCOIS,ALBION FINE FOODS
FLOUR STRONG ORG WHITE DOVES 1.5KG,ALBION FINE FOODS
FZ STRAWBERRIES 2.5KG,ALBION FINE FOODS
ASCORBIC ACID 1KG,ALBION FINE FOODS
PEPPERCORNS BLACK WHOLE 500G,ALBION FINE FOODS
ONION POWDER 500G,ALBION FINE FOODS
SQUID - WHOLE MEDIUM CLEANED KG,BETHNAL GREEN FISH SUPPLIES
BEENLEIGH BLUE P/KG,ALBION FINE FOODS
MISCELLANEOUS FILLETS SEA BREAM (80-110G) 10KG - SKINNED/PINNED,BETHNAL GREEN FISH SUPPLIES
PEPPER BLACK CRACKED 500G,ALBION FINE FOODS
SILICA GEL 3KG NOT EDIBLE,ALBION FINE FOODS
LASAGNE SHEETS 500G,ALBION FINE FOODS
GRATED EMMENTAL 1KG,ALBION FINE FOODS
EGG PASTEURISED LIQUID WHOLE 1LTR,ALBION FINE FOODS
CHILLI SCE GREEN SRIRACHA 455ML,ALBION FINE FOODS
MUSTARD MAILLE WHOLEGRAIN JAR 210G,ALBION FINE FOODS
SUGAR CASTER LARGE 25KG BSC,ALBION FINE FOODS
TOMATO DATTERINO ON THE VINE /KG,ALBION FINE FOODS
LOUET-FEISSER OYSTERS,BETHNAL GREEN FISH SUPPLIES
MISCELLANEOUS BIGGEST BONITO NO PREP,BETHNAL GREEN FISH SUPPLIES
HAZELNUTS - BLANCHED & ROASTED 1KG,ALBION FINE FOODS
PANKO BREADCRUMBS GLUTEN FREE 1KG,ALBION FINE FOODS
CONDENSED MILK 397ML,ALBION FINE FOODS
HAM HONEY ROAST SLICED 500G,ALBION FINE FOODS
MASCARPONE 500G MEDIUM,ALBION FINE FOODS
ULTRATEX 400G,ALBION FINE FOODS
WHOLE BRILL - BLACK SKIN OFF TRIMMED KG,BETHNAL GREEN FISH SUPPLIES
SEA SALT 6KG TUB COARSE,ALBION FINE FOODS
TRUFFLE PASTE BLACK 500G,ALBION FINE FOODS
SAN PELLEGRINO LEMON CAN 24X330ML,ALBION FINE FOODS
DEODORIZED COCOA BUTTER 3KG,CLASSIC FINE FOODS
VINEGAR RED WINE LGE 5LTR,ALBION FINE FOODS
MUSH. FRESH SHIMEIJI BROWN 150G,ALBION FINE FOODS
XL OYSTERS,BETHNAL GREEN FISH SUPPLIES
CUTTLEFISH - CLEANED PLUS WASTE,BETHNAL GREEN FISH SUPPLIES
NITRITE SALT (CURING SALT) 10KG,ALBION FINE FOODS
BONITO TUNA FLAKES 500G,ALBION FINE FOODS
BG ELDERFLOWER CORDIAL 500ML,ALBION FINE FOODS
FLOUR RYE WHOLEMEAL ORGANIC 1KG,ALBION FINE FOODS
FZ ARTISAN POTATO BAP 60 X 80G,ALBION FINE FOODS
EGGS LARGE FREE RANGE 15 X DOZ BOX,ALBION FINE FOODS
BUTTER BEANS (DRIED) 1KG,ALBION FINE FOODS
BUTTERMILK 1LTR,ALBION FINE FOODS
YEAST (DRIED) DOVES 125G,ALBION FINE FOODS
GAS SODA CARTRIDGES X 10,ALBION FINE FOODS
CORNFLOUR 3KG,ALBION FINE FOODS
WHOLE SEA BREAM (600-800G) - FILLETED SCALED & PINNED KG,BETHNAL GREEN FISH SUPPLIES
OYSTERS - PORTHILLY 81,BETHNAL GREEN FISH SUPPLIES
BISTO ORIGINAL GRAVY 1.8KG,ALBION FINE FOODS
CARROTS FRESH,ALBION FINE FOODS
CELERY HEAD EACH,ALBION FINE FOODS
FOOD COLOUR HOLLY GREEN 1LTR,ALBION FINE FOODS
RHUBARB FRESH (OUTDOOR),ALBION FINE FOODS
RADISH 1KG,ALBION FINE FOODS
YOG SOYA ALPRO NATURAL 500G,ALBION FINE FOODS
FZ CHERRIES SOUR 1KG,ALBION FINE FOODS
LOIN - TUNA,BETHNAL GREEN FISH SUPPLIES
CORNFLAKES 4X500G BAG KEL.,ALBION FINE FOODS
RICE - JASMINE AAA 10 KG,ALBION FINE FOODS
XV OLIVE OIL 5LTR,ALBION FINE FOODS
SCALLOPS - DIVER LARGE,BETHNAL GREEN FISH SUPPLIES
FILLETS TURBOT WILD - KG,BETHNAL GREEN FISH SUPPLIES
Robinsons Orange Squash NAS 1.75ltr,ALBION FINE FOODS
NAPKINS 40CM 3PLY WHITEFOLDED X 1000,ALBION FINE FOODS
BRIOCHEBUNS SEEDED 9X4X250G STPIERR,ALBION FINE FOODS
MORSWEET DEHYDRATED GLUCOSE 5KG,CLASSIC FINE FOODS
GRANA PADANO [1KG],ALBION FINE FOODS
WHOLE GURNARD - FILLETED SCALED PIN BONED + WASTE KG,BETHNAL GREEN FISH SUPPLIES
GARLIC FRESH PEELED CLOVES 1KG,ALBION FINE FOODS
 FILLETS LOCH DUART SALMON - SCALED PIN BONED KG,BETHNAL GREEN FISH SUPPLIES
DILL BUNCH 100G FRESH,ALBION FINE FOODS
MACE - GROUND 500G,ALBION FINE FOODS
RICH YOLK EGGS ST EWE 15DOZ BOX,ALBION FINE FOODS
MISCELLANEOUS HALIB/TURB/PLAICE HEADS,BETHNAL GREEN FISH SUPPLIES
SQUID INK,BETHNAL GREEN FISH SUPPLIES
SHRIMP (WHOLE DRIED) 100G,ALBION FINE FOODS
BEEF STEAK MINCE P/KG,ALBION FINE FOODS
Skate Wings 250/350gm,BETHNAL GREEN FISH SUPPLIES
GARLIC BLACK 150G,ALBION FINE FOODS
CHARCOAL 12KG,ALBION FINE FOODS
FZ GLUTEN FREE BUN 68G X 25,ALBION FINE FOODS
MINCEMEAT,CLASSIC FINE FOODS
Sugar Inverted SOSA 1.4kg,ALBION FINE FOODS
NORI SHEETS 28G,ALBION FINE FOODS
BLACK TREACLE 680G,ALBION FINE FOODS
ZUMA DARK DRINKING CHOCOLATE 2KG FT,ALBION FINE FOODS
SEA SALT 10KG BAG FINE,ALBION FINE FOODS
FROZEN OYSTER MEAT,BETHNAL GREEN FISH SUPPLIES
FLOUR SELF-RAIS BULK 16KG,ALBION FINE FOODS
VANILLA EXTRACT MADAGASCAN 1LTR,ALBION FINE FOODS
OYSTERS - CARLINGFORD,BETHNAL GREEN FISH SUPPLIES
SHAOSHING WINE 600ML,ALBION FINE FOODS
MONK HEADS,BETHNAL GREEN FISH SUPPLIES
KATAIFI PASTRY 500G,ALBION FINE FOODS
STRAWBERRY 300G PUNNET KENTISH,ALBION FINE FOODS
CREME FRAICHE 200G - LONGLEY,ALBION FINE FOODS
1L JUICE PINEAPPLE (SQUISH),CLASSIC FINE FOODS
CABBAGE SPRING EACH,ALBION FINE FOODS
Salmon Belly,BETHNAL GREEN FISH SUPPLIES
CAMEMBERT 250G RAW MILK WOOD BOX,ALBION FINE FOODS
XV RAPESEED OIL 750ML ALDBOROUGH,ALBION FINE FOODS
WHIPPING CREAM UHT 35% FRENCH SIGNATURE 6 X 1L CANDIA PRO,CLASSIC FINE FOODS
PREM BREAKFAST SAUSAGE 1.5KG EACH,ALBION FINE FOODS
MALDON SEA SALT 250G,ALBION FINE FOODS
FZ SWEETCORN 1KG,ALBION FINE FOODS
PRUNES (DRIED) - PITTED 1KG,ALBION FINE FOODS
RAISINS (DRIED) GOLDEN JUMBO 1KG,ALBION FINE FOODS
NUTRITIONAL YEAST ENGEVITA 650G,ALBION FINE FOODS
MANDARIN & ORANGE FENTIMAN 12 X 275ML,ALBION FINE FOODS
MINT BUNCH 100G,ALBION FINE FOODS
KIMCHI WITH CABBAGE 400G,ALBION FINE FOODS
TOFU PLAIN ORGANIC 450G,ALBION FINE FOODS
MUSTARD AMERICAN FRENCH'S 226G,ALBION FINE FOODS
TOMATO JUICE SQUISH 1L,CLASSIC FINE FOODS
FROZEN 5KG RAW EUR LOBSTER HEAD,CLASSIC FINE FOODS
OYSTER SAUCE 1LTR BLUE DRAGON,ALBION FINE FOODS
LANGOUSTINE LIVE (MEDIUM),BETHNAL GREEN FISH SUPPLIES
CAVIAR - AVRUGA,BETHNAL GREEN FISH SUPPLIES
FROZEN RAW PUFF PASTRY 35% 6 X 2KG,CLASSIC FINE FOODS
RICE NOODLES/STICKS 3MM 375G,ALBION FINE FOODS
NO1 CHICKEN GRAVY 1.5KG EC,ALBION FINE FOODS
MINT 100G,CLASSIC FINE FOODS
FROZEN LENOTRE MINI PAIN AU CHOCOLAT 210 X 35G,CLASSIC FINE FOODS
DRIED PIGS BLADDER 50-100G X 10,CLASSIC FINE FOODS
NOODLES EASY COOK 500G,ALBION FINE FOODS
YOG GREEK STYLE SET NATURAL 1KG,ALBION FINE FOODS
MUSH. FRESH BUTTON 2.5KG,ALBION FINE FOODS
GARLIC POWDER 500G,ALBION FINE FOODS
JALAPENOS GREEN - SLICED A10,ALBION FINE FOODS
RICE - BASMATI 5KG,ALBION FINE FOODS
RED PEPPERS ROASTED TIN 2.5KG,ALBION FINE FOODS
WHOLE GREY MULLET - FILLETED SCALED PIN BONED KG,BETHNAL GREEN FISH SUPPLIES
LASAGNE SHEETS VEGAN 500G,ALBION FINE FOODS
TIPTREE RASPBERRY 3KG,ALBION FINE FOODS
OYSTER KNIFE OPENER,BETHNAL GREEN FISH SUPPLIES
RASPBERRY POWDER FREEZE DRIED 100G,ALBION FINE FOODS
CHOCOLATE 70% BLOCK 5KG,ALBION FINE FOODS
WHOLE GURNARD - FILLETED SCALED PIN BONED + WASTE KG,BETHNAL GREEN FISH SUPPLIES
SQUID BABY - NO PREP,BETHNAL GREEN FISH SUPPLIES
ROSEHIP FINE CUT 250G,ALBION FINE FOODS
APRICOT CONSERVE 3KG,CLASSIC FINE FOODS
MISCELLANEOUS FRESH OCTOPUS,BETHNAL GREEN FISH SUPPLIES
1L JUICE RISE & SHINE (SQUISH),CLASSIC FINE FOODS
WHOLE BRILL - KG,BETHNAL GREEN FISH SUPPLIES
MONTGOMERY'S 12M F/HOUSE CHED P/KG,ALBION FINE FOODS
PASSATA SMOOTH 500G BRIK,ALBION FINE FOODS
CARROTS 1KG FRESH,ALBION FINE FOODS
FILLETS PLAICE - KG,BETHNAL GREEN FISH SUPPLIES
BLEACH - 5LTR - SECHELLE THICK,ALBION FINE FOODS
WHOLE MACKEREL - BUTTERFLY & V-BONE,BETHNAL GREEN FISH SUPPLIES
GRATED EXTRA MATURE CHEDDAR 2KG,ALBION FINE FOODS
ESSENCE - VANILLA 115ML,ALBION FINE FOODS
HAY 100G TUB,ALBION FINE FOODS
ONIONS - SMALL SILVERSKIN 2.27 KG,ALBION FINE FOODS
CHOCOLATE 70.5% CALLETS 2.5KG,ALBION FINE FOODS
MUSSELS - WHOLE SHELL FROZEN,BETHNAL GREEN FISH SUPPLIES
LENTILS TOOR DAL 2KG,ALBION FINE FOODS
GRATED MATURE CHEDDAR 2KG,ALBION FINE FOODS
CUTTLEFISH - CLEANED PLUS WASTE,BETHNAL GREEN FISH SUPPLIES
COD HEADS (WHOLE),BETHNAL GREEN FISH SUPPLIES
SEMOLINA FINE / GROUND 1KG,ALBION FINE FOODS
FZ BLUEBERRIES 1KG,ALBION FINE FOODS
FZ PUREE BOIRON - RHUBARB 1KG,ALBION FINE FOODS
DEXTROSE 1KG,ALBION FINE FOODS
WEAVER FISH,BETHNAL GREEN FISH SUPPLIES
SQUISH COLDPRESS PINKGRAPEFRUIT 1LT,ALBION FINE FOODS
PANKO BREADCRUMBS 1KG,ALBION FINE FOODS
BURGER SLICES VEGAN KERRYMAID 700G,ALBION FINE FOODS
DRIED MORELS (CATERING PACK) 500G,CLASSIC FINE FOODS
WHOLE MACKEREL - KG,BETHNAL GREEN FISH SUPPLIES
MANDARIN JUICE SQUISH 1L,CLASSIC FINE FOODS
SCALLOPS - DIVER EXTRA LARGE,BETHNAL GREEN FISH SUPPLIES
LOBSTERS NATIVE CRIPPLED,BETHNAL GREEN FISH SUPPLIES
DATES SOFT DRIED PITTED 1KG,ALBION FINE FOODS
FROZEN IQF SOUR CHERRY LUTOWKA PITTED 5 X 1KG,CLASSIC FINE FOODS
FROZEN LENOTRE CROISSANT LUNCH 195 X 30G,CLASSIC FINE FOODS
FZ LEMON DRIZZLE TRAYBAKE,ALBION FINE FOODS
STRAW PAPER KRAFT 6MMX250,ALBION FINE FOODS
NEWBY - SUMMER BERRIES X25,ALBION FINE FOODS
CUMIN GROUND 500G,ALBION FINE FOODS
INULIN HOT 500G,CLASSIC FINE FOODS
BUTTER NETHEREND SALTED 100 X 30G,ALBION FINE FOODS
GUANCIALE MATURED PORK CHEEK 1KG,ALBION FINE FOODS
75CL WINE (ALCOHOL FREE) CABERNET (ORGANIC),CLASSIC FINE FOODS
NESCAFE GOLD BLEND 750G,ALBION FINE FOODS
OAT MILK OATLY BARISTA 1.5LTR,ALBION FINE FOODS
FIGS SOFT DRIED 1KG,ALBION FINE FOODS
"FZ TORTILLAS SANTA MARIA 12""X100",ALBION FINE FOODS
FAJITA SEASONING 500G,ALBION FINE FOODS
CREAM CHEESE F/FAT ROUND 2KG,ALBION FINE FOODS
QUINCE PER KG,ALBION FINE FOODS
RISE & SHINE SQUISH 1L,CLASSIC FINE FOODS
FZ COMPOTE APPLE 1KG,ALBION FINE FOODS
CREAM OF TARTAR 1KG,ALBION FINE FOODS
DRY FRIED SHALLOT 1KG,ALBION FINE FOODS
ANCHOVY FILLETS IN OIL - TIN 365G,ALBION FINE FOODS
NUTMEG - WHOLE 500G,ALBION FINE FOODS
CHILLI - KOREAN CRUSHED 227G,ALBION FINE FOODS
1L JUICE FIELD OF GREENS (SQUISH),CLASSIC FINE FOODS
FZ VEG SAUS R. ONION,ALBION FINE FOODS
MUSHROOMS CEP/PORCINI POWDER 100G ,ALBION FINE FOODS
FLOUR GF BUCKWHEAT 1KG DOVES,ALBION FINE FOODS
BARON BIGOD 250G,ALBION FINE FOODS
CLOVES 250G,ALBION FINE FOODS
MIRIN 18 LITRE,ALBION FINE FOODS
APRICOTS (DRIED) 1KG,ALBION FINE FOODS
CANNELLINI BEANS (DRIED) 1KG,ALBION FINE FOODS
XANTHAN GUM 1KG,ALBION FINE FOODS
VIN MALT SARSONS 250ML,ALBION FINE FOODS
MONOSODIUM GLUTAMATE 500G,ALBION FINE FOODS
KALAMATA OLIVE PURPLE STONE IN 1KG,ALBION FINE FOODS
LONDON TEA - BREAKFAST X20,ALBION FINE FOODS
STRAWBERRYJAM 2.5KG COTTAGE DELIGHT,ALBION FINE FOODS
FLOUR PASTA 00 1KG,ALBION FINE FOODS
AGAR AGAR FLAKES (VEG GELATINE) 28G,ALBION FINE FOODS
MUSSELS - WHOLE SHELL FROZEN CHILEAN,BETHNAL GREEN FISH SUPPLIES
FZ TORTILLA SOFT WHITE 12CM X 24 BLANCO NINO,ALBION FINE FOODS
NESTLE CONDENSED MILK 397G,ALBION FINE FOODS
CRAB MEAT BROWN,BETHNAL GREEN FISH SUPPLIES
CABBAGE HISPI X8 BOX,ALBION FINE FOODS
CAJUN SEASONING 500G,ALBION FINE FOODS
TARTARIC ACID 1KG,ALBION FINE FOODS
RICE - JASMINE 1KG,ALBION FINE FOODS
MALIC ACID 500G,ALBION FINE FOODS
SMOKE WOOD CHIPS APPLE 1 PINT,ALBION FINE FOODS
TOMATO POWDER DRIED 500G,ALBION FINE FOODS
SUGAR GOLDEN CASTER 25KG BULK,ALBION FINE FOODS
APRICOTS DRIED NATURAL 1KG (NO-SULP),ALBION FINE FOODS
WHOLE MACKEREL - KIPPER & V-BONE,BETHNAL GREEN FISH SUPPLIES
SAMPHIRE FRESH PER KG,ALBION FINE FOODS
SALT SEA MARINO FINE 1KG,ALBION FINE FOODS
TUNA CHUNKS IN BRINE 400G,ALBION FINE FOODS
MUSTARD FRENCH COLMANS 2.25LTR,ALBION FINE FOODS
THYME BUNCH 100G FRESH,ALBION FINE FOODS
COCOA NIBS 800G CALLEBAUT,CLASSIC FINE FOODS
FLOUR EINKORN 1KG DOVES,ALBION FINE FOODS
BLUE STILTON P/KG,ALBION FINE FOODS
WHOLE SEA BREAM (400-600G) - FILLETED SCALED & PINNED + WASTE KG,BETHNAL GREEN FISH SUPPLIES
JUICE UHT TOMATO 1LTR CASE,ALBION FINE FOODS
MILK CHOC 823 35% 2.5KG CALLEBAUT,CLASSIC FINE FOODS
COLD BREW COFFEE ESPRESSO 1LTR SOLO,ALBION FINE FOODS
LOBSTERS CANADIAN,BETHNAL GREEN FISH SUPPLIES
PLASTIC SQUEEZY BOTTLE 5 X 1LTR,ALBION FINE FOODS
OWLET PEAR JUICE 1LTR,ALBION FINE FOODS
CORNICHONS (FRANCE) 2.5LTR / 4.25 KG,ALBION FINE FOODS
FZ PASTRY WONTON SQUARES LRG 500G,ALBION FINE FOODS
HAKE HEADS,BETHNAL GREEN FISH SUPPLIES
JUICE UHT PINEAPPLE 1LTR,ALBION FINE FOODS
PORTIONS COD (110-140G) - SCALED AND PINNED,BETHNAL GREEN FISH SUPPLIES
FLOUR - ALMOND(SUPERFINE) 1KG,ALBION FINE FOODS
"FZ TORTILLAS FLOUR 10"" X 10",ALBION FINE FOODS
RAISINS (DRIED) 1KG,ALBION FINE FOODS
CLAMS - RAZOR,BETHNAL GREEN FISH SUPPLIES
FZ PUREE BOIRON - KALAMANSI 1KG,ALBION FINE FOODS
RICE - LONG GRAIN SMALL 1KG,ALBION FINE FOODS
WHOLE HALIBUT - KG  FILLETD +WASTE,BETHNAL GREEN FISH SUPPLIES
FZ STEALTH CHIPS 6X6 10KG SKIN ON,ALBION FINE FOODS
GRATED GRUYERE 1KG,ALBION FINE FOODS
BOUILLON CHICKEN 1KG-PASTE (GOMO),ALBION FINE FOODS
WHOLE DOVER SOLE - SKINNED BOTH SIDES & TRIMMED KG,BETHNAL GREEN FISH SUPPLIES
Ketchup Tiptree 6 x 310g,ALBION FINE FOODS
TIPTREE APRICOT 3KG,ALBION FINE FOODS
TIPTREE APRICOT JAM 340G,ALBION FINE FOODS
VINEGAR SHERRY VILUX 1LTR,ALBION FINE FOODS
CALLEBAUT DARK CHOC 70-30-38 70.5% 2.5KG,CLASSIC FINE FOODS
GOATS CURD FRENCH 2.5KG EACH,ALBION FINE FOODS
WHOLE LEMON SOLE - KG H/OFF S/B/S + TRIM,BETHNAL GREEN FISH SUPPLIES
FZ PUREE BOIRON BLACKCHERRY1KG,ALBION FINE FOODS
GRUYERE FRANCAIS P/KG,ALBION FINE FOODS
YELLOW MUSSELS - LIVE,BETHNAL GREEN FISH SUPPLIES
ONIONS ROSE 'ROSCOFF' P/KG,ALBION FINE FOODS
SQUISH COLD PRESS ORANGE JUICE 1LT,ALBION FINE FOODS
QUINOA WHITE 500G,ALBION FINE FOODS
FLOUR POTATO/STARCH 25KG,ALBION FINE FOODS
SARDINES,BETHNAL GREEN FISH SUPPLIES
RHUBARB 1KG FRESH (EARLY FORCED) ,ALBION FINE FOODS
MUSLIN 10M ON A ROLL,ALBION FINE FOODS
BUTTER ROLL FRENCH UNSALTED 20X250G,ALBION FINE FOODS
RADICCHIO ROUND STANDARD,ALBION FINE FOODS
WHOLE MONKFISH (300 - 500G) - SKINNED & TRIMMED KG,BETHNAL GREEN FISH SUPPLIES
CUSTARD POWDER 3KG BIRDS (MILK),ALBION FINE FOODS
HIBISCUS FLOWERS (DRIED),ALBION FINE FOODS
BAKING POWDER 500G,ALBION FINE FOODS
VINEGAR CONCORD 8 200ML,CLASSIC FINE FOODS
CRISPY CHILLI IN OIL LGM 210G,ALBION FINE FOODS
BUURATA 200G,ALBION FINE FOODS
WHITE TRUFFLE OIL L'AQUILA 250ML,ALBION FINE FOODS
FZ PUREE ANDROS WHITE PEACH 1KG,ALBION FINE FOODS
SHORT CRUST PASTRY ROLLED 4.25KG,ALBION FINE FOODS
HAZELNUTS - WHOLE 1KG,ALBION FINE FOODS
QUINOA RED 500G,ALBION FINE FOODS
BURGER SLICES (112 SLICES) 1.4KG,ALBION FINE FOODS
NOCELLARA PITTED OLIVES 4KG,ALBION FINE FOODS
MUSH. FRESH OYSTER GREY 1.5KG,ALBION FINE FOODS
ALMONDS - SLITHERED 1KG,ALBION FINE FOODS
WHOLE HALIBUT WILD - KG,BETHNAL GREEN FISH SUPPLIES
FZ PUREE BOIRON - PUMPKIN 1KG,ALBION FINE FOODS
BLUE MUSSELS - LIVE,BETHNAL GREEN FISH SUPPLIES
GRATED GRANA PARMESAN (FRESH) 1KG,ALBION FINE FOODS
JUNIPER BERRIES 400G,ALBION FINE FOODS
MISCELLANEOUS* CHAIN MAIL GLOVE,BETHNAL GREEN FISH SUPPLIES
VEGAN ORIGINAL CHEESE SLICED 200G,ALBION FINE FOODS
FETA GREEK 200G,ALBION FINE FOODS
SALMON BELLIES (SKINNED),BETHNAL GREEN FISH SUPPLIES
FROZEN RAW PRAWNS 16/20 - PEELED & DEVEINED,BETHNAL GREEN FISH SUPPLIES
KIMCHI WITH CABBAGE PREMIUM 3.5KG,ALBION FINE FOODS
CABBAGE HISPI,ALBION FINE FOODS
MISCELLANEOUS HALIBUT HEADS + TURBOT HEADS,BETHNAL GREEN FISH SUPPLIES
SHRIMP PASTE 240G PETIS UDANG ,ALBION FINE FOODS
ROCKET LEAVES BAG 125G FRESH,ALBION FINE FOODS
EGGS MEDIUM FREE RANGE 15 X DOZ BOX,ALBION FINE FOODS
John Dory 500/600gm,BETHNAL GREEN FISH SUPPLIES
FROZEN 1KG 100% MANGO ALPHONSO INDIA RATNAGIRI,CLASSIC FINE FOODS
FZ GOOSEBERRIES 1KG,ALBION FINE FOODS
VANILLA EXTRACT MAURITIUS 1LTR,ALBION FINE FOODS
BLACK PITTED OLIVES 1KG,ALBION FINE FOODS
FZ BLACKBERRIES 1KG,ALBION FINE FOODS
MOZZARELLA BOCCONCINI 1KG (125X8G),ALBION FINE FOODS
GLOVES BLUE VINYL MED PWD FREE X100,ALBION FINE FOODS
BLACK TRUFFLE OIL L'AQUILA 250ML,ALBION FINE FOODS
SUPREMES HALIBUT (110-140G) - KG,BETHNAL GREEN FISH SUPPLIES
BEEF HAND DICED 500G,ALBION FINE FOODS
CHILLI SAUCE SWEET 920G,ALBION FINE FOODS
NATUR EMUL 500G,CLASSIC FINE FOODS
NESTLE EVAPORATED MILK 410G,ALBION FINE FOODS
RATIONAL CLEANER TABLETS GREEN X 150,ALBION FINE FOODS
MIRIN COOKING 568ML,ALBION FINE FOODS
VIN MALT 5LTR,ALBION FINE FOODS
PIPING BAG DISPOSABLE 23X46CM X100,ALBION FINE FOODS
LOBSTERS NATIVE (600 - 800G),BETHNAL GREEN FISH SUPPLIES
COCONUT DESICCATED,CLASSIC FINE FOODS
CHERRIES AMARENA 910G,ALBION FINE FOODS
GLOVES LATEX LRG WHITE-POWDER X100,ALBION FINE FOODS
STAR ANISE 250G,ALBION FINE FOODS
OAT MILK OATLY BARISTA 1LTR,ALBION FINE FOODS
LOBSTERS NATIVE (400-600G),BETHNAL GREEN FISH SUPPLIES
TEA CLIPPER LEMON & GINGER X20,ALBION FINE FOODS
WHOLE DOVER SOLE - SKINNED BOTH SIDES & TRIMMED KG,BETHNAL GREEN FISH SUPPLIES
RAPESEED OIL 20LTR,ALBION FINE FOODS
MAPLE SYRUP 500ML/665G,ALBION FINE FOODS
INULIN COLD SOSA 500G,ALBION FINE FOODS
FLOUR WHOLEMEAL 1.5KG,ALBION FINE FOODS
MIRIN COOKING 710ML,ALBION FINE FOODS
RICE LONG GRAIN EASY COOK 5KG,ALBION FINE FOODS
FRESH RED CHILLIES 250G,ALBION FINE FOODS
ANTIBAC SANITISER SPRAY 1LT,ALBION FINE FOODS
70CL BAR SYRUP GRENADINE,CLASSIC FINE FOODS
GF BROWN CIABATTA ROLL X 4,ALBION FINE FOODS
SQUID INK,BETHNAL GREEN FISH SUPPLIES
BELGIAN WHITE COUV CHOC 30% OBSESSION 5KG,CLASSIC FINE FOODS
PARSLEY FLAT LEAF FRESH 100G,ALBION FINE FOODS
WHOLE SEA BASS (300-400G) - KG,BETHNAL GREEN FISH SUPPLIES
FISH SAUCE 700ML,ALBION FINE FOODS
VIN MINUS 8 20CL,ALBION FINE FOODS
MUSTARD AMERICAN FRENCH'S 3.1LTR,ALBION FINE FOODS
MISO PASTE - RED INAKA 1KG,ALBION FINE FOODS
WHOLE GURNARD - KG,BETHNAL GREEN FISH SUPPLIES
CHILLIES RED,ALBION FINE FOODS
LEMONS PICKLED 1KG,ALBION FINE FOODS
PICKLED BABY SILVERSKIN ONIONS 2.27KG,ALBION FINE FOODS
WHOLE MONKFISH (500G - 1KG) - SKINNED & TRIMMED KG,BETHNAL GREEN FISH SUPPLIES
PINEAPPLE SUN RIPENED,CLASSIC FINE FOODS
POLENTA YELLOW (COARSE) 1KG,ALBION FINE FOODS
FLOUR POTATO / STARCH 500G,ALBION FINE FOODS
FZ SMOOTHIE GREEN 25 X 120G,ALBION FINE FOODS
FZ LOAF WHITE SLICED 400G GF,ALBION FINE FOODS
ECO-FRIENDLY FIRELIGHTERS X 96,ALBION FINE FOODS
MUSTARD SEEDS - YELLOW 800G,ALBION FINE FOODS
20 X PORTIONS LEMON SOLES,BETHNAL GREEN FISH SUPPLIES
CANNELLINI BEANS A10,ALBION FINE FOODS
SAGE 200G,ALBION FINE FOODS
LEMONS,ALBION FINE FOODS
RICE - BASMATI 1KG,ALBION FINE FOODS
THAI CURRY PASTE YELLOW-MAE PLOY1KG,ALBION FINE FOODS
WHOLE SEA BREAM (800-1000G) - KG,BETHNAL GREEN FISH SUPPLIES
CHIPOTLE IN ADOBO SAUCE A10 - LARGE,ALBION FINE FOODS
CRANBERRY JUICE SQUISH 1L,CLASSIC FINE FOODS
VIN CHARDONNAY FORUM WHITE 50CL,ALBION FINE FOODS
EGG PASTEURISED LIQUID YOLK 1LTR,ALBION FINE FOODS
ASCORBIC ACID,CLASSIC FINE FOODS
DATES (DRIED) PITTED 1KG,ALBION FINE FOODS
JUICE UHT CRANBERRY 1LTR,ALBION FINE FOODS
FROZEN LANGOUSTINE HEADS AND CLAWS,BETHNAL GREEN FISH SUPPLIES
VIN DISTILLED 5LTR,ALBION FINE FOODS
FZ PASTRY WONTON SQUARE 200G,ALBION FINE FOODS
MUSTARD WHOLEGRAIN 1KG RED STICKER,ALBION FINE FOODS
BULK POTATO STARCH P/KG 25,ALBION FINE FOODS
VIN CAB SAUV FORUM 50CL BALSAMIC,ALBION FINE FOODS
TRUFFLES WHOLE SUMMER IN BRINE 100G,ALBION FINE FOODS
HAND TOWELS AIRLAID X 600,ALBION FINE FOODS
TIPTREE STRAWBERRY JAM 3KG,ALBION FINE FOODS
TOMATO KETCHUP HEINZ 2.15L,ALBION FINE FOODS
KOMBU DASHI DRY SHEETS 113G,ALBION FINE FOODS
VIRGIN HAZELNUT OIL 250ML,CLASSIC FINE FOODS
MUSHROOM 400G FRESH,ALBION FINE FOODS
JUICE UHT APPLE 1LTR,ALBION FINE FOODS
CABBAGE WHITE,ALBION FINE FOODS
VEGAN EGG YOLK,CLASSIC FINE FOODS
ESSENCE - LAVENDER 115ML,ALBION FINE FOODS
SMIRNOFF RED VODKA 70CL,ALBION FINE FOODS
KETCHUP HEINZ 3.2KG,ALBION FINE FOODS
FROZEN 1KG 100% CALAMANSI CALAMONDIN VIETNAM,CLASSIC FINE FOODS
SALT DIAMOND KOSHER 1.3KG,ALBION FINE FOODS
BURELLA 115G PLANT BASED,CLASSIC FINE FOODS
DILL TOPS DRIED 150G,ALBION FINE FOODS
CINNAMON STICKS 350G,ALBION FINE FOODS
LOBSTERS NATIVE 4/500G,BETHNAL GREEN FISH SUPPLIES
COCKLES,BETHNAL GREEN FISH SUPPLIES
PECTIN NH NAPPAGE 1KG,ALBION FINE FOODS
RHUBARB YORKSHIRE 1KG,CLASSIC FINE FOODS
BEETROOT 1KG FRESH,ALBION FINE FOODS
NIGELLA SEED (BLACK ONION SEED) 300G,ALBION FINE FOODS
LONDON TEA - LEMON & GINGER X20,ALBION FINE FOODS
GUINNESS CANS 24 X 440ML ORIGINAL,ALBION FINE FOODS
BELU WATERSTILL 24X500ML PLASTIC,ALBION FINE FOODS
BABY STILTON P/KG,ALBION FINE FOODS
OWLET APP/RHUBARB/STRAWBERRY 1LTR,ALBION FINE FOODS
FROZEN 1KG 10% SUGAR STRAWBERRY GARIGUETTE FRANCE LOT AND GARONNE,CLASSIC FINE FOODS
JOHN DORY 500/700GM,BETHNAL GREEN FISH SUPPLIES
MILK FRESH WHOLE 2LTR,ALBION FINE FOODS
GARLIC WHITE (PER KILO),ALBION FINE FOODS
WHOLE SALMON LOCH DUART - KG DSC & CLEANED,BETHNAL GREEN FISH SUPPLIES
MAYO JAPANESE KEWPIE 500G,ALBION FINE FOODS
FRESH LIME JUICE 1LTR,ALBION FINE FOODS
SOSA BREAD CRUST AROME 50G,ALBION FINE FOODS
WHOLE SARDINES - SCALED & CLEANED KG,BETHNAL GREEN FISH SUPPLIES
RYE BREAD 500G,ALBION FINE FOODS
SUGAR GOLDEN CASTER 1KG,ALBION FINE FOODS
LEAVES OYSTER X50 PCS KOPPERT CRESS,CLASSIC FINE FOODS
WALNUT HALVES 1KG,ALBION FINE FOODS
PHILADELPHIA ORIGINAL 1.65KG,ALBION FINE FOODS
PASTRY CASE QUICHE 18CM X 10,ALBION FINE FOODS
OYSTERS XL,BETHNAL GREEN FISH SUPPLIES
